"area_fips","own_code","industry_code","agglvl_code","size_code","year","qtr","disclosure_code","annual_avg_estabs","annual_avg_emplvl","total_annual_wages","taxable_annual_wages","annual_contributions","annual_avg_wkly_wage","avg_annual_pay","lq_disclosure_code","lq_annual_avg_estabs","lq_annual_avg_emplvl","lq_total_annual_wages","lq_taxable_annual_wages","lq_annual_contributions","lq_annual_avg_wkly_wage","lq_avg_annual_pay","oty_disclosure_code","oty_annual_avg_estabs_chg","oty_annual_avg_estabs_pct_chg","oty_annual_avg_emplvl_chg","oty_annual_avg_emplvl_pct_chg","oty_total_annual_wages_chg","oty_total_annual_wages_pct_chg","oty_taxable_annual_wages_chg","oty_taxable_annual_wages_pct_chg","oty_annual_contributions_chg","oty_annual_contributions_pct_chg","oty_annual_avg_wkly_wage_chg","oty_annual_avg_wkly_wage_pct_chg","oty_avg_annual_pay_chg","oty_avg_annual_pay_pct_chg"
"01000","0","10","50","0","2017","A","",124682,1936797,89082579700,14926803994,219044821,885,45995,"",1.00,1.00,1.00,1.00,1.00,1.00,1.00,"",2372,1.9,21491,1.1,3215940050,3.7,308474439,2.1,-16817556,-7.1,23,2.7,1163,2.6
"01001","0","10","70","0","2017","A","",870,10823,403973438,72224037,1020409,718,37327,"",1.00,1.00,1.00,1.00,1.00,1.00,1.00,"",10,1.2,84,0.8,13430297,3.4,-1479679,-2.0,-79257,-7.2,19,2.7,961,2.6
"01003","0","10","70","0","2017","A","",6072,71999,2542347527,589307215,7577641,679,35311,"",1.00,1.00,1.00,1.00,1.00,1.00,1.00,"",250,4.3,1892,2.7,136347646,5.7,21981601,3.9,-583739,-7.2,19,2.9,992,2.9
"01005","0","10","70","0","2017","A","",555,8012,286429822,61218412,852916,688,35752,"",1.00,1.00,1.00,1.00,1.00,1.00,1.00,"",4,0.7,75,0.9,5861096,2.1,1205547,2.0,-103891,-10.9,8,1.2,403,1.1
"01007","0","10","70","0","2017","A","",364,4110,163743155,27157206,452337,766,39843,"",1.00,1.00,1.00,1.00,1.00,1.00,1.00,"",23,6.7,-34,-0.8,983524,0.6,-810559,-2.9,-54073,-10.7,11,1.5,569,1.4
"01009","0","10","70","0","2017","A","",772,8327,288221287,58441369,675124,666,34611,"",1.00,1.00,1.00,1.00,1.00,1.00,1.00,"",16,2.1,180,2.2,13120015,4.8,2370745,4.2,-29636,-4.2,17,2.6,845,2.5
"01011","0","10","70","0","2017","A","",149,3003,99965806,23168405,435543,640,33294,"",1.00,1.00,1.00,1.00,1.00,1.00,1.00,"",5,3.5,40,1.3,2037220,2.1,771439,3.4,-9107,-2.0,4,0.6,244,0.7
"01013","0","10","70","0","2017","A","",488,6695,224687545,54737050,813193,645,33562,"",1.00,1.00,1.00,1.00,1.00,1.00,1.00,"",1,0.2,-208,-3.0,-5578603,-2.4,-2982226,-5.2,-184421,-18.5,3,0.5,204,0.6
"01015","0","10","70","0","2017","A","",2514,44240,1722374178,305937731,4554858,749,38932,"",1.00,1.00,1.00,1.00,1.00,1.00,1.00,"",6,0.2,477,1.1,74123640,4.5,10878092,3.7,-32745,-0.7,25,3.5,1269,3.4
"01017","0","10","70","0","2017","A","",596,8312,306127118,58691735,644642,708,36830,"",1.00,1.00,1.00,1.00,1.00,1.00,1.00,"",-4,-0.7,255,3.2,18129015,6.3,1076235,1.9,-122404,-16.0,21,3.1,1084,3.0
"01019","0","10","70","0","2017","A","",402,5040,171463314,35269372,512972,654,34022,"",1.00,1.00,1.00,1.00,1.00,1.00,1.00,"",-5,-1.2,-34,-0.7,3354256,2.0,220791,0.6,-65843,-11.4,17,2.7,892,2.7
"01021","0","10","70","0","2017","A","",766,9302,341739577,74914153,936982,707,36739,"",1.00,1.00,1.00,1.00,1.00,1.00,1.00,"",8,1.1,-106,-1.1,16833640,5.2,-1578135,-2.1,-352212,-27.3,43,6.5,2205,6.4
"01023","0","10","70","0","2017","A","",291,3439,163240243,27017936,377759,913,47465,"",1.00,1.00,1.00,1.00,1.00,1.00,1.00,"",8,2.8,106,3.2,6487736,4.1,2066334,8.3,27143,7.7,9,1.0,432,0.9
"01025","0","10","70","0","2017","A","",656,8058,310329453,58567620,726905,741,38513,"",1.00,1.00,1.00,1.00,1.00,1.00,1.00,"",-6,-0.9,-92,-1.1,1871420,0.6,699584,1.2,-43871,-5.7,13,1.8,667,1.8
"01027","0","10","70","0","2017","A","",210,4102,136829292,31479964,307590,641,33356,"",1.00,1.00,1.00,1.00,1.00,1.00,1.00,"",-3,-1.4,177,4.5,8324293,6.5,2308607,7.9,-40091,-11.5,11,1.7,619,1.9
"01029","0","10","70","0","2017","A","",216,2140,91541546,15245919,292162,823,42776,"",1.00,1.00,1.00,1.00,1.00,1.00,1.00,"",2,0.9,-122,-5.4,-2773500,-2.9,-868298,-5.4,-81372,-21.8,21,2.6,1084,2.6
"01031","0","10","70","0","2017","A","",1086,15673,529870519,124534582,1780412,650,33809,"",1.00,1.00,1.00,1.00,1.00,1.00,1.00,"",12,1.1,373,2.4,22270562,4.4,-467614,-0.4,-172165,-8.8,12,1.9,633,1.9
"01033","0","10","70","0","2017","A","",1290,23797,1030438947,181443159,3064772,833,43301,"",1.00,1.00,1.00,1.00,1.00,1.00,1.00,"",1,0.1,-110,-0.5,21219754,2.1,1127793,0.6,-136834,-4.3,21,2.6,1086,2.6
"01035","0","10","70","0","2017","A","",254,3415,121373186,25451704,401280,684,35544,"",1.00,1.00,1.00,1.00,1.00,1.00,1.00,"",2,0.8,-13,-0.4,3059679,2.6,-243811,-0.9,-12941,-3.1,20,3.0,1034,3.0
"01037","0","10","70","0","2017","A","",122,1384,50160998,9734733,165299,697,36241,"",1.00,1.00,1.00,1.00,1.00,1.00,1.00,"",-1,-0.8,40,3.0,1895786,3.9,155900,1.6,-17295,-9.5,6,0.9,327,0.9
"01039","0","10","70","0","2017","A","",899,12453,444212298,94767921,2262700,686,35671,"",1.00,1.00,1.00,1.00,1.00,1.00,1.00,"",3,0.3,298,2.5,26581656,6.4,4307714,4.8,150291,7.1,25,3.8,1312,3.8
"01041","0","10","70","0","2017","A","",258,3725,129744378,29220161,540373,670,34834,"",1.00,1.00,1.00,1.00,1.00,1.00,1.00,"",0,0.0,-82,-2.2,-4747869,-3.5,-1831986,-5.9,-128176,-19.2,-9,-1.3,-493,-1.4
"01043","0","10","70","0","2017","A","",1823,28737,1087015583,226770799,2654038,727,37826,"",1.00,1.00,1.00,1.00,1.00,1.00,1.00,"",16,0.9,-57,-0.2,23712149,2.2,-330220,-0.1,-527452,-16.6,17,2.4,898,2.4
"01045","0","10","70","0","2017","A","",873,16797,897823036,110942136,1705634,1028,53450,"",1.00,1.00,1.00,1.00,1.00,1.00,1.00,"",3,0.3,2,0.0,14073965,1.6,-1475588,-1.3,-312807,-15.5,16,1.6,829,1.6
"01047","0","10","70","0","2017","A","",849,12471,458581877,93517482,1921733,707,36772,"",1.00,1.00,1.00,1.00,1.00,1.00,1.00,"",-3,-0.4,-235,-1.8,2939182,0.6,-1006455,-1.1,-228093,-10.6,17,2.5,913,2.5
"01049","0","10","70","0","2017","A","",1174,21076,760485589,171077989,2112338,694,36084,"",1.00,1.00,1.00,1.00,1.00,1.00,1.00,"",25,2.2,333,1.6,39398700,5.5,5588949,3.4,-126137,-5.6,25,3.7,1320,3.8
"01051","0","10","70","0","2017","A","",1373,19853,689691018,144662948,1692709,668,34739,"",1.00,1.00,1.00,1.00,1.00,1.00,1.00,"",27,2.0,252,1.3,24551061,3.7,3039426,2.1,-184061,-9.8,15,2.3,804,2.4
"01053","0","10","70","0","2017","A","",845,12831,494114095,97127754,1319896,741,38510,"",1.00,1.00,1.00,1.00,1.00,1.00,1.00,"",7,0.8,10,0.1,10656025,2.2,1652485,1.7,-98375,-6.9,16,2.2,801,2.1
"01055","0","10","70","0","2017","A","",2065,36208,1306244931,298143185,3873099,694,36076,"",1.00,1.00,1.00,1.00,1.00,1.00,1.00,"",8,0.4,-5,0.0,26664374,2.1,3225718,1.1,-394487,-9.2,14,2.1,741,2.1
"01057","0","10","70","0","2017","A","",336,4046,132082222,26452362,322851,628,32648,"",1.00,1.00,1.00,1.00,1.00,1.00,1.00,"",-4,-1.2,-4,-0.1,2919209,2.3,15675,0.1,-15386,-4.5,15,2.4,757,2.4
"01059","0","10","70","0","2017","A","",572,10548,368301226,82102014,1577483,671,34917,"",1.00,1.00,1.00,1.00,1.00,1.00,1.00,"",13,2.3,215,2.1,19578522,5.6,2432116,3.1,-34644,-2.1,22,3.4,1167,3.5
"01061","0","10","70","0","2017","A","",493,4889,158855505,38285586,434889,625,32496,"",1.00,1.00,1.00,1.00,1.00,1.00,1.00,"",6,1.2,-121,-2.4,2259961,1.4,-203388,-0.5,-7293,-1.6,24,4.0,1236,4.0
"01063","0","10","70","0","2017","A","",162,1763,60051745,11816586,290875,655,34054,"",1.00,1.00,1.00,1.00,1.00,1.00,1.00,"",4,2.5,17,1.0,1724281,3.0,429371,3.8,40359,16.1,13,2.0,644,1.9
"01065","0","10","70","0","2017","A","",277,2734,97512449,17913528,229067,686,35662,"",1.00,1.00,1.00,1.00,1.00,1.00,1.00,"",11,4.1,2,0.1,1299228,1.4,886188,5.2,-52134,-18.5,9,1.3,444,1.3
"01067","0","10","70","0","2017","A","",335,3274,135072239,25007379,262170,793,41254,"",1.00,1.00,1.00,1.00,1.00,1.00,1.00,"",3,0.9,32,1.0,2914334,2.2,64398,0.3,-49587,-15.9,9,1.1,488,1.2
"01069","0","10","70","0","2017","A","",2947,47744,1954378459,368444956,4694011,787,40934,"",1.00,1.00,1.00,1.00,1.00,1.00,1.00,"",20,0.7,859,1.8,69871443,3.7,13015355,3.7,-291312,-5.8,14,1.8,739,1.8
"01071","0","10","70","0","2017","A","",967,15784,558224912,123268126,2138702,680,35367,"",1.00,1.00,1.00,1.00,1.00,1.00,1.00,"",2,0.2,-494,-3.0,-2594977,-0.5,-1000676,-0.8,-473154,-18.1,17,2.6,914,2.7
"01073","0","10","70","0","2017","A","",18577,344402,18700249210,2670958821,36982742,1044,54298,"",1.00,1.00,1.00,1.00,1.00,1.00,1.00,"",374,2.1,3890,1.1,795297089,4.4,73849968,2.8,-1235442,-3.2,33,3.3,1716,3.3
"01075","0","10","70","0","2017","A","",281,3493,131911192,26813249,330077,726,37764,"",1.00,1.00,1.00,1.00,1.00,1.00,1.00,"",4,1.4,66,1.9,5524427,4.4,1019620,4.0,6986,2.2,17,2.4,885,2.4
"01077","0","10","70","0","2017","A","",2093,29655,1021459717,227651172,3232153,662,34445,"",1.00,1.00,1.00,1.00,1.00,1.00,1.00,"",15,0.7,221,0.8,28017958,2.8,7291513,3.3,-228304,-6.6,13,2.0,693,2.1
"01079","0","10","70","0","2017","A","",440,4787,160442524,30747468,463020,645,33517,"",1.00,1.00,1.00,1.00,1.00,1.00,1.00,"",8,1.9,93,2.0,5855398,3.8,837510,2.8,-16927,-3.5,12,1.9,582,1.8
"01081","0","10","70","0","2017","A","",3137,58339,2250784322,407916140,4915555,742,38581,"",1.00,1.00,1.00,1.00,1.00,1.00,1.00,"",59,1.9,1593,2.8,150705614,7.2,13532016,3.4,-764456,-13.5,30,4.2,1572,4.2
"01083","0","10","70","0","2017","A","",1437,23254,1100951899,174349613,3813928,910,47346,"",1.00,1.00,1.00,1.00,1.00,1.00,1.00,"",33,2.4,684,3.0,48380416,4.6,6206563,3.7,-83522,-2.1,13,1.4,709,1.5
"01085","0","10","70","0","2017","A","",165,2330,107597331,17890646,326288,888,46187,"",1.00,1.00,1.00,1.00,1.00,1.00,1.00,"",3,1.9,-83,-3.4,546141,0.5,-788485,-4.2,-75515,-18.8,35,4.1,1821,4.1
"01087","0","10","70","0","2017","A","",232,4830,199881727,20871922,289604,796,41386,"",1.00,1.00,1.00,1.00,1.00,1.00,1.00,"",-1,-0.4,65,1.4,1842824,0.9,533308,2.6,598,0.2,-3,-0.4,-179,-0.4
"01089","0","10","70","0","2017","A","",9573,195702,11271962429,1431309172,21638793,1108,57598,"",1.00,1.00,1.00,1.00,1.00,1.00,1.00,"",167,1.8,4024,2.1,473831552,4.4,26101879,1.9,-2449944,-10.2,25,2.3,1263,2.2
"01091","0","10","70","0","2017","A","",518,7107,277357985,52380218,654754,751,39028,"",1.00,1.00,1.00,1.00,1.00,1.00,1.00,"",3,0.6,83,1.2,1733717,0.6,-724043,-1.4,-114063,-14.8,-4,-0.5,-210,-0.5
"01093","0","10","70","0","2017","A","",626,9896,338622515,76712343,1402093,658,34218,"",1.00,1.00,1.00,1.00,1.00,1.00,1.00,"",8,1.3,119,1.2,13986625,4.3,2116282,2.8,-282135,-16.8,19,3.0,1014,3.1
"01095","0","10","70","0","2017","A","",2074,36538,1281811049,294035321,4065929,675,35082,"",1.00,1.00,1.00,1.00,1.00,1.00,1.00,"",25,1.2,707,2.0,53445818,4.4,8705557,3.1,-301195,-6.9,16,2.4,800,2.3
"01097","0","10","70","0","2017","A","",10134,170070,7912260702,1338328219,22479635,895,46524,"",1.00,1.00,1.00,1.00,1.00,1.00,1.00,"",191,1.9,976,0.6,247026618,3.2,28002660,2.1,-1151665,-4.9,23,2.6,1193,2.6
"01099","0","10","70","0","2017","A","",443,6119,255307866,44730789,598367,802,41725,"",1.00,1.00,1.00,1.00,1.00,1.00,1.00,"",3,0.7,4,0.1,5534575,2.2,821516,1.9,-6183,-1.0,16,2.0,877,2.1
"01101","0","10","70","0","2017","A","",6406,132033,5952771603,877685162,12768418,867,45085,"",1.00,1.00,1.00,1.00,1.00,1.00,1.00,"",35,0.5,861,0.7,77987508,1.3,8269493,1.0,-1098715,-7.9,6,0.7,298,0.7
"01103","0","10","70","0","2017","A","",2794,47098,2067495723,389769841,5708235,844,43898,"",1.00,1.00,1.00,1.00,1.00,1.00,1.00,"",22,0.8,407,0.9,49250954,2.4,3149364,0.8,-412419,-6.7,13,1.6,673,1.6
"01105","0","10","70","0","2017","A","",153,2111,64676165,12273382,171468,589,30632,"",1.00,1.00,1.00,1.00,1.00,1.00,1.00,"",0,0.0,37,1.8,1509317,2.4,203055,1.7,7203,4.4,3,0.5,173,0.6
"01107","0","10","70","0","2017","A","",338,3855,143124617,25470240,313680,714,37129,"",1.00,1.00,1.00,1.00,1.00,1.00,1.00,"",3,0.9,63,1.7,2981026,2.1,44155,0.2,-52058,-14.2,3,0.4,171,0.5
"01109","0","10","70","0","2017","A","",690,14374,567816049,104772097,1667426,760,39504,"",1.00,1.00,1.00,1.00,1.00,1.00,1.00,"",-6,-0.9,469,3.4,12568813,2.3,1876148,1.8,-158711,-8.7,-8,-1.0,-428,-1.1
"01111","0","10","70","0","2017","A","",378,4815,156919368,34314385,409845,627,32587,"",1.00,1.00,1.00,1.00,1.00,1.00,1.00,"",9,2.4,185,4.0,6459765,4.3,1685303,5.2,-108096,-20.9,2,0.3,91,0.3
"01113","0","10","70","0","2017","A","",899,13960,513012122,105718024,1412277,707,36749,"",1.00,1.00,1.00,1.00,1.00,1.00,1.00,"",6,0.7,236,1.7,18569082,3.8,2619849,2.5,-117508,-7.7,14,2.0,721,2.0
"01115","0","10","70","0","2017","A","",1496,19654,728281614,156828706,2133292,713,37054,"",1.00,1.00,1.00,1.00,1.00,1.00,1.00,"",44,3.0,341,1.8,30997343,4.4,2975812,1.9,-270354,-11.2,19,2.7,950,2.6
"01117","0","10","70","0","2017","A","",5801,84811,4398577216,752704194,10298057,997,51864,"",1.00,1.00,1.00,1.00,1.00,1.00,1.00,"",134,2.4,797,0.9,157917799,3.7,24386706,3.3,-882129,-7.9,26,2.7,1389,2.8
"01119","0","10","70","0","2017","A","",233,2963,114739800,17897926,345903,745,38731,"",1.00,1.00,1.00,1.00,1.00,1.00,1.00,"",-3,-1.3,-74,-2.4,800134,0.7,-380098,-2.1,-29641,-7.9,24,3.3,1214,3.2
"01121","0","10","70","0","2017","A","",1353,29119,1323297432,234613076,3081229,874,45444,"",1.00,1.00,1.00,1.00,1.00,1.00,1.00,"",31,2.3,26,0.1,6368896,0.5,9448979,4.2,-225299,-6.8,3,0.3,177,0.4
"01123","0","10","70","0","2017","A","",835,13300,454320900,109988530,1631382,657,34159,"",1.00,1.00,1.00,1.00,1.00,1.00,1.00,"",19,2.3,-215,-1.6,10297712,2.3,-977120,-0.9,-280390,-14.7,25,4.0,1304,4.0
"01125","0","10","70","0","2017","A","",4562,92787,4136132179,657961877,9032680,857,44577,"",1.00,1.00,1.00,1.00,1.00,1.00,1.00,"",94,2.1,1226,1.3,198521939,5.0,10204620,1.6,-457537,-4.8,30,3.6,1572,3.7
"01127","0","10","70","0","2017","A","",1368,17965,668485772,139154836,1926379,716,37210,"",1.00,1.00,1.00,1.00,1.00,1.00,1.00,"",13,1.0,-30,-0.2,26759973,4.2,8921004,6.8,-49072,-2.5,30,4.4,1549,4.3
"01129","0","10","70","0","2017","A","",259,3590,216526990,26096323,373601,1160,60315,"",1.00,1.00,1.00,1.00,1.00,1.00,1.00,"",2,0.8,18,0.5,7533843,3.6,1107325,4.4,-3801,-1.0,35,3.1,1799,3.1
"01131","0","10","70","0","2017","A","",234,2816,120815711,19329364,319584,825,42905,"",1.00,1.00,1.00,1.00,1.00,1.00,1.00,"",8,3.5,71,2.6,7141581,6.3,817616,4.4,33714,11.8,29,3.6,1490,3.6
"01133","0","10","70","0","2017","A","",486,7713,271541091,67177053,1013872,677,35207,"",1.00,1.00,1.00,1.00,1.00,1.00,1.00,"",11,2.3,279,3.8,21078697,8.4,2384964,3.7,-38020,-3.6,29,4.5,1515,4.5
"01999","0","10","70","0","2017","A","",12950,50534,3462327483,592599566,11802631,1318,68515,"",1.00,1.00,1.00,1.00,1.00,1.00,1.00,"",781,6.4,374,0.7,150799292,4.6,5298867,0.9,-962314,-7.5,48,3.8,2496,3.8
"02013","0","10","70","0","2017","A","",102,2394,130810556,103195676,2176444,1051,54651,"",1.00,1.00,1.00,1.00,1.00,1.00,1.00,"",-2,-1.9,-79,-3.2,3652713,2.9,2954706,2.9,-287448,-11.7,62,6.3,3227,6.3
"02016","0","10","70","0","2017","A","",176,3385,199411816,133905578,2614972,1133,58906,"",1.00,1.00,1.00,1.00,1.00,1.00,1.00,"",9,5.4,-304,-8.2,-11002238,-5.2,-12127969,-8.3,-655010,-20.0,36,3.3,1868,3.3
"02020","0","10","70","0","2017","A","",8196,148964,8376058601,3614540342,60619894,1081,56229,"",1.00,1.00,1.00,1.00,1.00,1.00,1.00,"",-82,-1.0,-2106,-1.4,-69297755,-0.8,-63326762,-1.7,-7415451,-10.9,6,0.6,325,0.6
"02050","0","10","70","0","2017","A","",349,6988,289515952,140365416,2451447,797,41431,"",1.00,1.00,1.00,1.00,1.00,1.00,1.00,"",-17,-4.6,91,1.3,5672988,2.0,780719,0.6,-383082,-13.5,6,0.8,274,0.7
"02060","0","10","70","0","2017","A","",114,1207,60659574,42175949,883581,966,50239,"",1.00,1.00,1.00,1.00,1.00,1.00,1.00,"",-2,-1.7,29,2.5,-913179,-1.5,-820292,-1.9,-166531,-15.9,-39,-3.9,-2045,-3.9
"02068","0","10","70","0","2017","A","",137,2223,99306510,59010950,1272331,859,44669,"",1.00,1.00,1.00,1.00,1.00,1.00,1.00,"",7,5.4,89,4.2,4711852,5.0,2280646,4.0,-48113,-3.6,6,0.7,331,0.7
"02070","0","10","70","0","2017","A","",155,2550,115021748,67554228,1261174,867,45104,"",1.00,1.00,1.00,1.00,1.00,1.00,1.00,"",1,0.6,5,0.2,5682542,5.2,2295182,3.5,-685229,-35.2,41,5.0,2146,5.0
"02090","0","10","70","0","2017","A","",2267,36392,1862376604,816321940,13978199,984,51175,"",1.00,1.00,1.00,1.00,1.00,1.00,1.00,"",3,0.1,-179,-0.5,-23345005,-1.2,51543408,6.7,-772263,-5.2,-8,-0.8,-388,-0.8
"02100","0","10","70","0","2017","A","",154,975,36538809,22222380,423755,721,37466,"",1.00,1.00,1.00,1.00,1.00,1.00,1.00,"",-4,-2.5,20,2.1,2194072,6.4,1712056,8.3,-12960,-3.0,30,4.3,1512,4.2
"02105","0","10","70","0","2017","A","",134,783,27832023,14019806,282931,683,35530,"",1.00,1.00,1.00,1.00,1.00,1.00,1.00,"",-3,-2.2,8,1.0,4253,0.0,-228570,-1.6,-56153,-16.6,-8,-1.2,-388,-1.1
"02110","0","10","70","0","2017","A","",1122,17302,886205330,319068725,5561690,985,51219,"",1.00,1.00,1.00,1.00,1.00,1.00,1.00,"",3,0.3,-166,-1.0,-5207594,-0.6,-2229754,-0.7,-583419,-9.5,4,0.4,188,0.4
"02122","0","10","70","0","2017","A","",1985,19495,926257410,404003152,7139470,914,47513,"",1.00,1.00,1.00,1.00,1.00,1.00,1.00,"",5,0.3,-207,-1.1,-5814214,-0.6,-12413403,-3.0,-1298900,-15.4,4,0.4,204,0.4
"02130","0","10","70","0","2017","A","",605,7367,340120430,161091067,2970093,888,46170,"",1.00,1.00,1.00,1.00,1.00,1.00,1.00,"",5,0.8,59,0.8,7134577,2.1,4972801,3.2,-304674,-9.3,12,1.4,602,1.3
"02150","0","10","70","0","2017","A","",484,6081,274201604,142697582,2664072,867,45092,"",1.00,1.00,1.00,1.00,1.00,1.00,1.00,"",0,0.0,-125,-2.0,8889444,3.4,1838850,1.3,-390941,-12.8,45,5.5,2344,5.5
"02158","0","10","70","0","2017","A","",142,2366,63478701,28336729,504298,516,26833,"",1.00,1.00,1.00,1.00,1.00,1.00,1.00,"",0,0.0,56,2.4,763004,1.2,387695,1.4,-71707,-12.4,-6,-1.1,-319,-1.2
"02164","0","10","70","0","2017","A","",122,913,37712190,23958882,500660,794,41310,"",1.00,1.00,1.00,1.00,1.00,1.00,1.00,"",-8,-6.2,85,10.3,6226908,19.8,4008490,20.1,14571,3.0,63,8.6,3284,8.6
"02170","0","10","70","0","2017","A","",2093,22877,958988525,511655623,8756766,806,41919,"",1.00,1.00,1.00,1.00,1.00,1.00,1.00,"",-1,0.0,-82,-0.4,-4380841,-0.5,1174062,0.2,-982152,-10.1,-1,-0.1,-42,-0.1
"02180","0","10","70","0","2017","A","",306,3789,188488393,84861031,1425159,957,49749,"",1.00,1.00,1.00,1.00,1.00,1.00,1.00,"",-10,-3.2,38,1.0,8360881,4.6,2766375,3.4,-155622,-9.8,33,3.6,1721,3.6
"02185","0","10","70","0","2017","A","",243,12418,1218235470,513367071,8270624,1887,98106,"",1.00,1.00,1.00,1.00,1.00,1.00,1.00,"",-2,-0.8,-1450,-10.5,-132381361,-9.8,-73773104,-12.6,-1805756,-17.9,14,0.7,712,0.7
"02188","0","10","70","0","2017","A","",165,2793,190599228,82136860,2222858,1312,68250,"",1.00,1.00,1.00,1.00,1.00,1.00,1.00,"",-10,-5.7,-11,-0.4,7174558,3.9,1077017,1.3,792716,55.4,54,4.3,2835,4.3
"02195","0","10","70","0","2017","A","",167,1221,54030259,28470972,528405,851,44248,"",1.00,1.00,1.00,1.00,1.00,1.00,1.00,"",2,1.2,-43,-3.4,883750,1.7,750138,2.7,-216489,-29.1,42,5.2,2191,5.2
"02198","0","10","70","0","2017","A","",226,2158,87227945,45788359,817915,778,40430,"",1.00,1.00,1.00,1.00,1.00,1.00,1.00,"",-14,-5.8,87,4.2,4432757,5.4,2522465,5.8,-69265,-7.8,9,1.2,458,1.1
"02220","0","10","70","0","2017","A","",367,4204,184386600,79153358,1522395,844,43862,"",1.00,1.00,1.00,1.00,1.00,1.00,1.00,"",-14,-3.7,55,1.3,2966180,1.6,1688460,2.2,-163794,-9.7,3,0.4,137,0.3
"02230","0","10","70","0","2017","A","",135,931,35983841,25287333,517176,743,38633,"",1.00,1.00,1.00,1.00,1.00,1.00,1.00,"",5,3.8,40,4.5,1378898,4.0,494950,2.0,-63265,-10.9,-4,-0.5,-213,-0.5
"02240","0","10","70","0","2017","A","",254,2457,160930444,52330561,959199,1260,65505,"",1.00,1.00,1.00,1.00,1.00,1.00,1.00,"",-6,-2.3,-48,-1.9,-1270808,-0.8,1283779,2.5,-173634,-15.3,15,1.2,763,1.2
"02261","0","10","70","0","2017","A","",550,4866,270380350,126722310,2296710,1068,55561,"",1.00,1.00,1.00,1.00,1.00,1.00,1.00,"",-11,-2.0,100,2.1,14456953,5.6,10408365,8.9,-47598,-2.0,35,3.4,1864,3.5
"02275","0","10","70","0","2017","A","",93,846,32344973,12157327,228891,736,38248,"",1.00,1.00,1.00,1.00,1.00,1.00,1.00,"",-2,-2.1,-15,-1.7,-46710,-0.1,-2483270,-17.0,-69420,-23.3,12,1.7,609,1.6
"02282","0","10","70","0","2017","A","",43,245,10049735,5593106,101127,789,41047,"",1.00,1.00,1.00,1.00,1.00,1.00,1.00,"",-4,-8.5,-18,-6.8,-434352,-4.1,-531156,-8.7,-24912,-19.8,21,2.7,1108,2.8
"02290","0","10","70","0","2017","A","",276,2129,77121921,28945140,540577,697,36232,"",1.00,1.00,1.00,1.00,1.00,1.00,1.00,"",-12,-4.2,52,2.5,-5590604,-6.8,-1514078,-5.0,-144578,-21.1,-69,-9.0,-3599,-9.0
"02999","0","10","70","0","2017","A","",630,1818,108921502,63112622,1104768,1152,59899,"",1.00,1.00,1.00,1.00,1.00,1.00,1.00,"",-95,-13.1,-142,-7.2,-12882367,-10.6,-11836307,-15.8,-481256,-30.3,-43,-3.6,-2243,-3.6
"04001","0","10","70","0","2017","A","",591,17849,760748586,71236415,2694008,820,42622,"",1.00,1.00,1.00,1.00,1.00,1.00,1.00,"",8,1.4,178,1.0,34283660,4.7,3850429,5.7,405550,17.7,29,3.7,1510,3.7
"04003","0","10","70","0","2017","A","",2240,33760,1511138970,197327065,5121593,861,44762,"",1.00,1.00,1.00,1.00,1.00,1.00,1.00,"",22,1.0,-146,-0.4,41971970,2.9,7587984,4.0,241316,4.9,28,3.4,1431,3.3
"04005","0","10","70","0","2017","A","",3363,62078,2623779553,397527928,8449510,813,42266,"",1.00,1.00,1.00,1.00,1.00,1.00,1.00,"",58,1.8,991,1.6,125569486,5.0,19118781,5.1,651577,8.4,27,3.4,1370,3.3
"04007","0","10","70","0","2017","A","",962,14838,599081757,101374147,2673111,776,40376,"",1.00,1.00,1.00,1.00,1.00,1.00,1.00,"",0,0.0,214,1.5,37483561,6.7,2436990,2.5,107034,4.2,37,5.0,1974,5.1
"04009","0","10","70","0","2017","A","",541,8921,356818157,47011798,1108198,769,39996,"",1.00,1.00,1.00,1.00,1.00,1.00,1.00,"",15,2.9,27,0.3,16059381,4.7,2892079,6.6,102344,10.2,32,4.3,1681,4.4
"04011","0","10","70","0","2017","A","",105,4520,295695225,33612324,954170,1258,65416,"",1.00,1.00,1.00,1.00,1.00,1.00,1.00,"",1,1.0,150,3.4,18842076,6.8,2036015,6.4,-111487,-10.5,40,3.3,2062,3.3
"04012","0","10","70","0","2017","A","",357,5630,202697921,38851752,1085220,692,36001,"",1.00,1.00,1.00,1.00,1.00,1.00,1.00,"",-1,-0.3,-45,-0.8,9358014,4.8,1319806,3.5,-9568,-0.9,37,5.6,1931,5.7
"04013","0","10","70","0","2017","A","",96333,1927372,101355844508,14967168517,328075222,1011,52588,"",1.00,1.00,1.00,1.00,1.00,1.00,1.00,"",2418,2.6,55419,3.0,5726645868,6.0,609308093,4.2,5562706,1.7,29,3.0,1503,2.9
"04015","0","10","70","0","2017","A","",3692,48983,1825785951,364740445,8987478,717,37274,"",1.00,1.00,1.00,1.00,1.00,1.00,1.00,"",50,1.4,1388,2.9,110336011,6.4,23512004,6.9,299157,3.4,24,3.5,1232,3.4
"04017","0","10","70","0","2017","A","",1652,27445,1070607869,159739216,4136837,750,39010,"",1.00,1.00,1.00,1.00,1.00,1.00,1.00,"",11,0.7,-147,-0.5,40043976,3.9,2168861,1.4,-249564,-5.7,32,4.5,1660,4.4
"04019","0","10","70","0","2017","A","",18633,364174,16562485473,2429194283,50569794,875,45480,"",1.00,1.00,1.00,1.00,1.00,1.00,1.00,"",112,0.6,5492,1.5,800017207,5.1,80490756,3.4,-74969,-0.1,30,3.6,1534,3.5
"04021","0","10","70","0","2017","A","",3188,60570,2504696789,352430382,7160927,795,41352,"",1.00,1.00,1.00,1.00,1.00,1.00,1.00,"",-26,-0.8,-541,-0.9,75370004,3.1,1428595,0.4,-236343,-3.2,31,4.1,1599,4.0
"04023","0","10","70","0","2017","A","",1193,13152,603263321,89446751,3346326,882,45869,"",1.00,1.00,1.00,1.00,1.00,1.00,1.00,"",24,2.1,-88,-0.7,19901081,3.4,1868512,2.1,244882,7.9,35,4.1,1809,4.1
"04025","0","10","70","0","2017","A","",5635,62951,2427787412,449437562,9614171,742,38566,"",1.00,1.00,1.00,1.00,1.00,1.00,1.00,"",94,1.7,1432,2.3,134749621,5.9,16113704,3.7,309172,3.3,25,3.5,1293,3.5
"04027","0","10","70","0","2017","A","",3199,66371,2521530374,516985463,28089313,731,37992,"",1.00,1.00,1.00,1.00,1.00,1.00,1.00,"",43,1.4,-61,-0.1,142066334,6.0,15912991,3.2,3430110,13.9,42,6.1,2174,6.1
"04999","0","10","70","0","2017","A","",15852,29024,2560622748,340533994,8207946,1697,88224,"",1.00,1.00,1.00,1.00,1.00,1.00,1.00,"",2496,18.7,3309,12.9,404307409,18.7,52470320,18.2,1367241,20.0,84,5.2,4369,5.2
"05001","0","10","70","0","2017","A","",777,9566,381374848,109430017,1717368,767,39869,"",1.00,1.00,1.00,1.00,1.00,1.00,1.00,"",-5,-0.6,-331,-3.3,-9391456,-2.4,-1821507,-1.6,-709995,-29.2,8,1.1,385,1.0
"05003","0","10","70","0","2017","A","",570,6613,279294982,75857864,2352328,812,42236,"",1.00,1.00,1.00,1.00,1.00,1.00,1.00,"",4,0.7,-25,-0.4,4043787,1.5,4132150,5.8,-111497,-4.5,15,1.9,772,1.9
"05005","0","10","70","0","2017","A","",1228,14843,513028077,145005203,2531548,665,34564,"",1.00,1.00,1.00,1.00,1.00,1.00,1.00,"",14,1.2,240,1.6,26496342,5.4,6607013,4.8,-172108,-6.4,24,3.7,1246,3.7
"05007","0","10","70","0","2017","A","",6411,117551,6765052044,1635427662,21964234,1107,57550,"",1.00,1.00,1.00,1.00,1.00,1.00,1.00,"",300,4.9,2905,2.5,501720607,8.0,48396089,3.0,-2147074,-8.9,56,5.3,2918,5.3
"05009","0","10","70","0","2017","A","",971,13795,516907982,134676084,1970612,721,37471,"",1.00,1.00,1.00,1.00,1.00,1.00,1.00,"",-17,-1.7,-123,-0.9,16747325,3.3,2911155,2.2,-870238,-30.6,30,4.3,1535,4.3
"05011","0","10","70","0","2017","A","",373,3736,124203008,34958891,662984,639,33241,"",1.00,1.00,1.00,1.00,1.00,1.00,1.00,"",9,2.5,45,1.2,5223067,4.4,1432372,4.3,-79813,-10.7,19,3.1,1006,3.1
"05013","0","10","70","0","2017","A","",103,2879,152383631,35796767,593695,1018,52923,"",1.00,1.00,1.00,1.00,1.00,1.00,1.00,"",-1,-1.0,124,4.5,11538656,8.2,2210281,6.6,-26519,-4.3,35,3.6,1795,3.5
"05015","0","10","70","0","2017","A","",808,10948,323283042,115921367,1517324,568,29528,"",1.00,1.00,1.00,1.00,1.00,1.00,1.00,"",13,1.6,145,1.3,14613341,4.7,2651481,2.3,-398479,-20.8,19,3.5,955,3.3
"05017","0","10","70","0","2017","A","",528,3118,99582196,27864237,776022,614,31940,"",1.00,1.00,1.00,1.00,1.00,1.00,1.00,"",8,1.5,-120,-3.7,333500,0.3,-1420545,-4.9,-99969,-11.4,25,4.2,1287,4.2
"05019","0","10","70","0","2017","A","",638,9160,315506831,76152963,1510007,662,34445,"",1.00,1.00,1.00,1.00,1.00,1.00,1.00,"",13,2.1,59,0.6,10814492,3.5,66198,0.1,-317790,-17.4,18,2.8,967,2.9
"05021","0","10","70","0","2017","A","",387,3292,97216531,32525156,1012879,568,29530,"",1.00,1.00,1.00,1.00,1.00,1.00,1.00,"",-10,-2.5,-44,-1.3,1286098,1.3,-598758,-1.8,-71555,-6.6,15,2.7,772,2.7
"05023","0","10","70","0","2017","A","",667,6459,208860338,70111951,1690535,622,32336,"",1.00,1.00,1.00,1.00,1.00,1.00,1.00,"",-6,-0.9,-89,-1.4,3464899,1.7,-630354,-0.9,-75997,-4.3,19,3.2,970,3.1
"05025","0","10","70","0","2017","A","",131,975,30748095,8777332,154940,607,31542,"",1.00,1.00,1.00,1.00,1.00,1.00,1.00,"",6,4.8,12,1.2,1246065,4.2,285373,3.4,-61466,-28.4,18,3.1,898,2.9
"05027","0","10","70","0","2017","A","",716,7920,313779130,75393365,1626831,762,39621,"",1.00,1.00,1.00,1.00,1.00,1.00,1.00,"",-14,-1.9,-147,-1.8,6273939,2.0,-759430,-1.0,-76963,-4.5,29,4.0,1500,3.9
"05029","0","10","70","0","2017","A","",538,6385,237451942,59588809,1275793,715,37188,"",1.00,1.00,1.00,1.00,1.00,1.00,1.00,"",-22,-3.9,-247,-3.7,-1152751,-0.5,-3480624,-5.5,-137648,-9.7,23,3.3,1210,3.4
"05031","0","10","70","0","2017","A","",2852,50121,1914294195,518502579,8926454,734,38194,"",1.00,1.00,1.00,1.00,1.00,1.00,1.00,"",52,1.9,1501,3.1,102865181,5.7,26314546,5.3,-1002660,-10.1,18,2.5,937,2.5
"05033","0","10","70","0","2017","A","",1255,19298,684924999,234018663,2954736,683,35492,"",1.00,1.00,1.00,1.00,1.00,1.00,1.00,"",10,0.8,-162,-0.8,16803581,2.5,3903495,1.7,-954546,-24.4,23,3.5,1158,3.4
"05035","0","10","70","0","2017","A","",1253,16504,591032124,192898307,3825196,689,35812,"",1.00,1.00,1.00,1.00,1.00,1.00,1.00,"",-31,-2.4,1,0.0,9407021,1.6,2449194,1.3,-1619404,-29.7,11,1.6,568,1.6
"05037","0","10","70","0","2017","A","",488,4921,163536288,46170185,965073,639,33233,"",1.00,1.00,1.00,1.00,1.00,1.00,1.00,"",5,1.0,-70,-1.4,1117938,0.7,-320483,-0.7,-334725,-25.8,13,2.1,692,2.1
"05039","0","10","70","0","2017","A","",252,2781,88637507,30340072,663973,613,31873,"",1.00,1.00,1.00,1.00,1.00,1.00,1.00,"",-4,-1.6,-57,-2.0,2963483,3.5,-34551,-0.1,-193190,-22.5,32,5.5,1683,5.6
"05041","0","10","70","0","2017","A","",566,4623,159717434,44362287,918222,664,34548,"",1.00,1.00,1.00,1.00,1.00,1.00,1.00,"",12,2.2,46,1.0,8201747,5.4,1152716,2.7,-69827,-7.1,27,4.2,1447,4.4
"05043","0","10","70","0","2017","A","",547,6438,226198417,60573906,1168116,676,35133,"",1.00,1.00,1.00,1.00,1.00,1.00,1.00,"",10,1.9,28,0.4,9605862,4.4,3999357,7.1,-47658,-3.9,26,4.0,1341,4.0
"05045","0","10","70","0","2017","A","",2820,40193,1582405439,386602509,7731955,757,39370,"",1.00,1.00,1.00,1.00,1.00,1.00,1.00,"",-3,-0.1,-71,-0.2,23767076,1.5,-5797383,-1.5,-1870126,-19.5,13,1.7,660,1.7
"05047","0","10","70","0","2017","A","",371,4591,165788337,45271540,592964,694,36110,"",1.00,1.00,1.00,1.00,1.00,1.00,1.00,"",-1,-0.3,120,2.7,8159197,5.2,1357640,3.1,-115679,-16.3,16,2.4,857,2.4
"05049","0","10","70","0","2017","A","",201,1880,55289175,14651445,244206,566,29417,"",1.00,1.00,1.00,1.00,1.00,1.00,1.00,"",2,1.0,54,3.0,3724662,7.2,882955,6.4,-13488,-5.2,23,4.2,1174,4.2
"05051","0","10","70","0","2017","A","",3120,36557,1319327578,389902398,6575688,694,36089,"",1.00,1.00,1.00,1.00,1.00,1.00,1.00,"",9,0.3,196,0.5,58907164,4.7,11219097,3.0,-977313,-12.9,27,4.0,1425,4.1
"05053","0","10","70","0","2017","A","",353,4054,154230433,41649741,534266,732,38046,"",1.00,1.00,1.00,1.00,1.00,1.00,1.00,"",5,1.4,89,2.2,6325061,4.3,1268191,3.1,-287098,-35.0,15,2.1,746,2.0
"05055","0","10","70","0","2017","A","",902,15289,563195398,155380084,3386147,708,36836,"",1.00,1.00,1.00,1.00,1.00,1.00,1.00,"",12,1.3,-65,-0.4,15082237,2.8,-276873,-0.2,-184818,-5.2,21,3.1,1136,3.2
"05057","0","10","70","0","2017","A","",514,7790,278093225,77543345,1011960,686,35698,"",1.00,1.00,1.00,1.00,1.00,1.00,1.00,"",-2,-0.4,-32,-0.4,13425241,5.1,688506,0.9,-30199,-2.9,35,5.4,1861,5.5
"05059","0","10","70","0","2017","A","",643,8452,303553294,85227611,1186284,691,35917,"",1.00,1.00,1.00,1.00,1.00,1.00,1.00,"",15,2.4,-26,-0.3,11395903,3.9,1168718,1.4,-398736,-25.2,28,4.2,1455,4.2
"05061","0","10","70","0","2017","A","",365,6994,229717048,73666356,1312249,632,32846,"",1.00,1.00,1.00,1.00,1.00,1.00,1.00,"",3,0.8,17,0.2,9332001,4.2,44986,0.1,-331558,-20.2,25,4.1,1257,4.0
"05063","0","10","70","0","2017","A","",908,15656,579216594,151305575,2997623,711,36996,"",1.00,1.00,1.00,1.00,1.00,1.00,1.00,"",-19,-2.0,258,1.7,30413723,5.5,2778761,1.9,-820661,-21.5,26,3.8,1354,3.8
"05065","0","10","70","0","2017","A","",268,3052,99168385,28414129,670309,625,32497,"",1.00,1.00,1.00,1.00,1.00,1.00,1.00,"",-2,-0.7,-83,-2.6,-444635,-0.4,909239,3.3,-107154,-13.8,14,2.3,718,2.3
"05067","0","10","70","0","2017","A","",452,5197,188365348,47487086,938657,697,36243,"",1.00,1.00,1.00,1.00,1.00,1.00,1.00,"",-7,-1.5,-120,-2.3,1995738,1.1,-970747,-2.0,-186490,-16.6,23,3.4,1189,3.4
"05069","0","10","70","0","2017","A","",2125,27825,1125625650,241730231,4274428,778,40454,"",1.00,1.00,1.00,1.00,1.00,1.00,1.00,"",-1,0.0,-412,-1.5,23355740,2.1,-1633854,-0.7,-1002912,-19.0,27,3.6,1417,3.6
"05071","0","10","70","0","2017","A","",497,8699,280352786,79181143,1097579,620,32227,"",1.00,1.00,1.00,1.00,1.00,1.00,1.00,"",-16,-3.1,76,0.9,8827972,3.3,618570,0.8,-233619,-17.5,14,2.3,739,2.3
"05073","0","10","70","0","2017","A","",178,1207,38490835,11143361,217218,613,31892,"",1.00,1.00,1.00,1.00,1.00,1.00,1.00,"",-3,-1.7,-2,-0.2,-1300755,-3.3,-1329476,-10.7,-36937,-14.5,-20,-3.2,-1028,-3.1
"05075","0","10","70","0","2017","A","",424,3977,129208316,38501382,1080063,625,32492,"",1.00,1.00,1.00,1.00,1.00,1.00,1.00,"",-6,-1.4,-55,-1.4,2234245,1.8,-639188,-1.6,-218897,-16.9,19,3.1,997,3.2
"05077","0","10","70","0","2017","A","",294,1925,60343918,15993035,429150,603,31349,"",1.00,1.00,1.00,1.00,1.00,1.00,1.00,"",-9,-3.0,-45,-2.3,-2838675,-4.5,-553922,-3.3,-95303,-18.2,-14,-2.3,-717,-2.2
"05079","0","10","70","0","2017","A","",299,2782,94356902,21263579,402935,652,33920,"",1.00,1.00,1.00,1.00,1.00,1.00,1.00,"",9,3.1,-80,-2.8,1908930,2.1,374340,1.8,-46539,-10.4,31,5.0,1615,5.0
"05081","0","10","70","0","2017","A","",259,3347,167040679,32981985,528176,960,49910,"",1.00,1.00,1.00,1.00,1.00,1.00,1.00,"",10,4.0,-127,-3.7,-9291047,-5.3,-1359766,-4.0,-80350,-13.2,-16,-1.6,-841,-1.7
"05083","0","10","70","0","2017","A","",510,5425,175354537,49959402,636164,622,32321,"",1.00,1.00,1.00,1.00,1.00,1.00,1.00,"",-3,-0.6,-113,-2.0,4859691,2.9,344543,0.7,-342466,-35.0,30,5.1,1533,5.0
"05085","0","10","70","0","2017","A","",1293,13939,478601854,145724781,2126267,660,34336,"",1.00,1.00,1.00,1.00,1.00,1.00,1.00,"",-22,-1.7,-92,-0.7,9392784,2.0,56743,0.0,-628819,-22.8,17,2.6,895,2.7
"05087","0","10","70","0","2017","A","",267,3292,115004931,36761761,497705,672,34938,"",1.00,1.00,1.00,1.00,1.00,1.00,1.00,"",6,2.3,120,3.8,10589490,10.1,2837526,8.4,-81613,-14.1,39,6.2,2020,6.1
"05089","0","10","70","0","2017","A","",288,3744,110982410,39648431,479965,570,29645,"",1.00,1.00,1.00,1.00,1.00,1.00,1.00,"",4,1.4,-70,-1.8,1469193,1.3,705441,1.8,-103590,-17.8,18,3.3,928,3.2
"05091","0","10","70","0","2017","A","",898,12891,494892109,150789389,2394960,738,38392,"",1.00,1.00,1.00,1.00,1.00,1.00,1.00,"",6,0.7,-60,-0.5,1632784,0.3,3679468,2.5,-151736,-6.0,6,0.8,304,0.8
"05093","0","10","70","0","2017","A","",1153,17878,833147465,210385008,6218822,896,46602,"",1.00,1.00,1.00,1.00,1.00,1.00,1.00,"",-41,-3.4,-107,-0.6,59204126,7.6,2449503,1.2,-919330,-12.9,68,8.2,3569,8.3
"05095","0","10","70","0","2017","A","",310,2084,63728904,20915702,462891,588,30581,"",1.00,1.00,1.00,1.00,1.00,1.00,1.00,"",-2,-0.6,-56,-2.6,1111405,1.8,-452274,-2.1,-72384,-13.5,25,4.4,1318,4.5
"05097","0","10","70","0","2017","A","",175,1352,36784785,11128125,247890,523,27213,"",1.00,1.00,1.00,1.00,1.00,1.00,1.00,"",-1,-0.6,-30,-2.2,-262357,-0.7,-148216,-1.3,-60364,-19.6,8,1.6,411,1.5
"05099","0","10","70","0","2017","A","",205,2420,87998468,27157597,551960,699,36369,"",1.00,1.00,1.00,1.00,1.00,1.00,1.00,"",2,1.0,-42,-1.7,305267,0.3,-243888,-0.9,-220664,-28.6,14,2.0,745,2.1
"05101","0","10","70","0","2017","A","",131,1084,27635212,6972384,124405,490,25484,"",1.00,1.00,1.00,1.00,1.00,1.00,1.00,"",-1,-0.8,-22,-2.0,-370263,-1.3,274446,4.1,-6803,-5.2,3,0.6,168,0.7
"05103","0","10","70","0","2017","A","",665,6890,236028529,59213392,1068036,659,34258,"",1.00,1.00,1.00,1.00,1.00,1.00,1.00,"",6,0.9,-187,-2.6,4565457,2.0,59965,0.1,-373706,-25.9,30,4.8,1551,4.7
"05105","0","10","70","0","2017","A","",149,1196,37477796,11237236,350922,603,31340,"",1.00,1.00,1.00,1.00,1.00,1.00,1.00,"",-1,-0.7,-30,-2.4,-1894202,-4.8,-344137,-3.0,-67808,-16.2,-15,-2.4,-785,-2.4
"05107","0","10","70","0","2017","A","",784,5375,172411551,52510157,1310610,617,32076,"",1.00,1.00,1.00,1.00,1.00,1.00,1.00,"",-15,-1.9,-89,-1.6,2143115,1.3,-141897,-0.3,-195169,-13.0,18,3.0,913,2.9
"05109","0","10","70","0","2017","A","",264,2574,78343980,25234512,434001,585,30434,"",1.00,1.00,1.00,1.00,1.00,1.00,1.00,"",3,1.1,97,3.9,5895645,8.1,2063083,8.9,-29719,-6.4,23,4.1,1186,4.1
"05111","0","10","70","0","2017","A","",526,5254,188584024,51898815,903921,690,35897,"",1.00,1.00,1.00,1.00,1.00,1.00,1.00,"",-9,-1.7,24,0.5,6099394,3.3,512280,1.0,-161079,-15.1,19,2.8,1008,2.9
"05113","0","10","70","0","2017","A","",508,5764,180312247,53604401,1222748,602,31280,"",1.00,1.00,1.00,1.00,1.00,1.00,1.00,"",7,1.4,-71,-1.2,6139120,3.5,1667911,3.2,23542,2.0,28,4.9,1428,4.8
"05115","0","10","70","0","2017","A","",1844,25857,1043821372,282063512,6955292,776,40369,"",1.00,1.00,1.00,1.00,1.00,1.00,1.00,"",20,1.1,-291,-1.1,27999184,2.8,1220052,0.4,-518465,-6.9,29,3.9,1520,3.9
"05117","0","10","70","0","2017","A","",269,1543,51939367,16229930,344865,647,33669,"",1.00,1.00,1.00,1.00,1.00,1.00,1.00,"",1,0.4,59,4.0,4231466,8.9,1323222,8.9,-55152,-13.8,29,4.7,1528,4.8
"05119","0","10","70","0","2017","A","",14323,249844,12110292470,2403487808,39361455,932,48471,"",1.00,1.00,1.00,1.00,1.00,1.00,1.00,"",1,0.0,2351,0.9,336683684,2.9,42901813,1.8,-8385985,-17.6,17,1.9,900,1.9
"05121","0","10","70","0","2017","A","",402,5379,168094881,54324226,920754,601,31253,"",1.00,1.00,1.00,1.00,1.00,1.00,1.00,"",-4,-1.0,508,10.4,23114104,15.9,9459754,21.1,-126691,-12.1,29,5.1,1491,5.0
"05123","0","10","70","0","2017","A","",744,7421,264000415,70417718,1206260,684,35575,"",1.00,1.00,1.00,1.00,1.00,1.00,1.00,"",-15,-2.0,-513,-6.5,-6219245,-2.3,-6294682,-8.2,-381067,-24.0,29,4.4,1516,4.5
"05125","0","10","70","0","2017","A","",2028,23981,845993181,256595770,3877049,678,35278,"",1.00,1.00,1.00,1.00,1.00,1.00,1.00,"",54,2.7,489,2.1,40820367,5.1,13273289,5.5,-1030824,-21.0,19,2.9,1003,2.9
"05127","0","10","70","0","2017","A","",185,3059,92059697,27436584,283962,579,30097,"",1.00,1.00,1.00,1.00,1.00,1.00,1.00,"",-3,-1.6,-9,-0.3,4470316,5.1,929353,3.5,-59647,-17.4,30,5.5,1548,5.4
"05129","0","10","70","0","2017","A","",174,1533,40314234,13809200,198259,506,26295,"",1.00,1.00,1.00,1.00,1.00,1.00,1.00,"",-6,-3.3,-26,-1.7,-620798,-1.5,-8786,-0.1,-58085,-22.7,1,0.2,45,0.2
"05131","0","10","70","0","2017","A","",3693,65669,2734325714,719700344,12733839,801,41638,"",1.00,1.00,1.00,1.00,1.00,1.00,1.00,"",2,0.1,-667,-1.0,37020371,1.4,-2243092,-0.3,-1600247,-11.2,19,2.4,977,2.4
"05133","0","10","70","0","2017","A","",315,4859,157255093,50988396,791586,622,32363,"",1.00,1.00,1.00,1.00,1.00,1.00,1.00,"",-11,-3.4,-35,-0.7,2697881,1.7,93977,0.2,-342555,-30.2,15,2.5,780,2.5
"05135","0","10","70","0","2017","A","",406,3756,109391554,34213918,788681,560,29128,"",1.00,1.00,1.00,1.00,1.00,1.00,1.00,"",7,1.8,-87,-2.3,-2023247,-1.8,-347868,-1.0,-78444,-9.0,3,0.5,139,0.5
"05137","0","10","70","0","2017","A","",278,2604,74554027,22745811,368374,551,28630,"",1.00,1.00,1.00,1.00,1.00,1.00,1.00,"",-4,-1.4,52,2.0,4077060,5.8,1530703,7.2,-101838,-21.7,20,3.8,1010,3.7
"05139","0","10","70","0","2017","A","",1306,17478,824137345,201848907,3972570,907,47153,"",1.00,1.00,1.00,1.00,1.00,1.00,1.00,"",-6,-0.5,-294,-1.7,5471404,0.7,-8238110,-3.9,-971474,-19.6,21,2.4,1088,2.4
"05141","0","10","70","0","2017","A","",357,3594,124961726,30883402,810301,669,34774,"",1.00,1.00,1.00,1.00,1.00,1.00,1.00,"",-7,-1.9,19,0.5,-683217,-0.5,-1813916,-5.5,25521,3.3,-7,-1.0,-369,-1.0
"05143","0","10","70","0","2017","A","",5943,105302,4894476557,1103781811,15345597,894,46480,"",1.00,1.00,1.00,1.00,1.00,1.00,1.00,"",65,1.1,2214,2.1,316953165,6.9,30833425,2.9,-2686599,-14.9,40,4.7,2076,4.7
"05145","0","10","70","0","2017","A","",1812,23731,862621117,211976852,4088053,699,36350,"",1.00,1.00,1.00,1.00,1.00,1.00,1.00,"",-12,-0.7,-267,-1.1,10033183,1.2,-1488250,-0.7,-521935,-11.3,16,2.3,823,2.3
"05147","0","10","70","0","2017","A","",213,1776,61481802,15612932,343785,666,34626,"",1.00,1.00,1.00,1.00,1.00,1.00,1.00,"",-4,-1.8,-2,-0.1,2079737,3.5,-84923,-0.5,-37085,-9.7,23,3.6,1207,3.6
"05149","0","10","70","0","2017","A","",425,6560,202378510,62556666,631656,593,30850,"",1.00,1.00,1.00,1.00,1.00,1.00,1.00,"",2,0.5,120,1.9,8320899,4.3,1013866,1.6,-133106,-17.4,14,2.4,716,2.4
"05999","0","10","70","0","2017","A","",9409,34046,1993570573,513397292,14537663,1126,58555,"",1.00,1.00,1.00,1.00,1.00,1.00,1.00,"",501,5.6,2503,7.9,156339362,8.5,34012703,7.1,-582435,-3.9,6,0.5,309,0.5
"06001","0","10","70","0","2017","A","",62447,771652,57018137454,5800767552,255889125,1421,73891,"",1.00,1.00,1.00,1.00,1.00,1.00,1.00,"",1839,3.0,20053,2.7,3983048993,7.5,267135751,4.8,-1386770,-0.5,64,4.7,3328,4.7
"06003","0","10","70","0","2017","A","",83,751,27271892,6629377,385749,698,36298,"",1.00,1.00,1.00,1.00,1.00,1.00,1.00,"",-7,-7.8,-19,-2.5,-180574,-0.7,323725,5.1,17171,4.7,13,1.9,657,1.8
"06005","0","10","70","0","2017","A","",1123,12080,528732785,62560489,2752221,842,43770,"",1.00,1.00,1.00,1.00,1.00,1.00,1.00,"",39,3.6,432,3.7,35897205,7.3,2873132,4.8,-43474,-1.6,28,3.4,1460,3.5
"06007","0","10","70","0","2017","A","",8397,82478,3389796362,498289434,22625747,790,41099,"",1.00,1.00,1.00,1.00,1.00,1.00,1.00,"",245,3.0,1676,2.1,195855605,6.1,11309246,2.3,-542857,-2.3,30,3.9,1571,4.0
"06009","0","10","70","0","2017","A","",1311,9410,362669685,58329746,2667451,741,38540,"",1.00,1.00,1.00,1.00,1.00,1.00,1.00,"",9,0.7,271,3.0,13807263,4.0,2087794,3.7,-7067,-0.3,7,1.0,367,1.0
"06011","0","10","70","0","2017","A","",824,9007,376330397,69020378,3829706,803,41782,"",1.00,1.00,1.00,1.00,1.00,1.00,1.00,"",7,0.9,-21,-0.2,9042737,2.5,-2959355,-4.1,-88377,-2.3,21,2.7,1097,2.7
"06013","0","10","70","0","2017","A","",31820,366720,24651313816,2739439764,120041552,1293,67221,"",1.00,1.00,1.00,1.00,1.00,1.00,1.00,"",622,2.0,7478,2.1,1233294159,5.3,76674806,2.9,-3467848,-2.8,39,3.1,2034,3.1
"06015","0","10","70","0","2017","A","",802,8106,309441766,38196004,1828988,734,38176,"",1.00,1.00,1.00,1.00,1.00,1.00,1.00,"",4,0.5,-45,-0.6,5804161,1.9,-461864,-1.2,-80391,-4.2,18,2.5,926,2.5
"06017","0","10","70","0","2017","A","",5398,56414,2725432017,403268367,18532313,929,48312,"",1.00,1.00,1.00,1.00,1.00,1.00,1.00,"",204,3.9,2525,4.7,194959098,7.7,26489187,7.0,256526,1.4,26,2.9,1355,2.9
"06019","0","10","70","0","2017","A","",34853,381997,16382245168,2694995697,129631330,825,42886,"",1.00,1.00,1.00,1.00,1.00,1.00,1.00,"",1500,4.5,7058,1.9,724262705,4.6,27726544,1.0,-3304085,-2.5,22,2.7,1125,2.7
"01001","5","5112","76","0","2017","A","N",2,0,0,0,0,0,0,"N",0.96,0,0,0,0,0,0,"N",0,0.0,0,0,0,0,0,0,0,0,0,0,0,0
"01003","5","5112","76","0","2017","A","",5,10,625526,105570,2630,1193,62036,"",0.34,0.05,0.03,0.04,0.09,0.62,0.62,"N",2,66.7,0,0,0,0,0,0,0,0,0,0,0,0
"01009","5","5112","76","0","2017","A","N",2,0,0,0,0,0,0,"N",1.08,0,0,0,0,0,0,"N",0,0.0,0,0,0,0,0,0,0,0,0,0,0,0
"01015","5","5112","76","0","2017","A","N",1,0,0,0,0,0,0,"N",0.17,0,0,0,0,0,0,"N",0,0.0,0,0,0,0,0,0,0,0,0,0,0,0
"01021","5","5112","76","0","2017","A","N",1,0,0,0,0,0,0,"N",0.55,0,0,0,0,0,0,"N",0,0.0,0,0,0,0,0,0,0,0,0,0,0,0
"01033","5","5112","76","0","2017","A","N",1,0,0,0,0,0,0,"N",0.32,0,0,0,0,0,0,"N",0,0.0,0,0,0,0,0,0,0,0,0,0,0,0
"01043","5","5112","76","0","2017","A","N",3,0,0,0,0,0,0,"N",0.69,0,0,0,0,0,0,"N",0,0.0,0,0,0,0,0,0,0,0,0,0,0,0
"01051","5","5112","76","0","2017","A","",3,14,614114,112256,832,864,44935,"",0.91,0.27,0.12,0.15,0.13,0.45,0.45,"N",0,0.0,0,0,0,0,0,0,0,0,0,0,0,0
"01057","5","5112","76","0","2017","A","N",1,0,0,0,0,0,0,"N",1.24,0,0,0,0,0,0,"N",0,0.0,0,0,0,0,0,0,0,0,0,0,0,0
"01059","5","5112","76","0","2017","A","N",1,0,0,0,0,0,0,"N",0.73,0,0,0,0,0,0,"N",0,0.0,0,0,0,0,0,0,0,0,0,0,0,0
"01069","5","5112","76","0","2017","A","N",3,0,0,0,0,0,0,"N",0.43,0,0,0,0,0,0,"N",2,200.0,0,0,0,0,0,0,0,0,0,0,0,0
"01073","5","5112","76","0","2017","A","",44,398,30715488,4280747,64241,1485,77239,"",0.99,0.44,0.22,0.32,0.45,0.50,0.50,"",8,22.2,57,16.7,7070025,29.9,759288,21.6,-29638,-31.6,150,11.2,7813,11.3
"01077","5","5112","76","0","2017","A","N",2,0,0,0,0,0,0,"N",0.40,0,0,0,0,0,0,"N",0,0.0,0,0,0,0,0,0,0,0,0,0,0,0
"01081","5","5112","76","0","2017","A","",12,26,1712095,236445,3988,1258,65430,"",1.60,0.17,0.10,0.11,0.21,0.60,0.60,"",2,20.0,7,36.8,258308,17.8,34840,17.3,1437,56.3,-182,-12.6,-9443,-12.6
"01089","5","5112","76","0","2017","A","",25,243,23179363,2335823,29331,1834,95356,"",1.09,0.47,0.28,0.32,0.35,0.58,0.58,"",1,4.2,15,6.6,1320579,6.0,149864,6.9,1515,5.4,-11,-0.6,-586,-0.6
"01095","5","5112","76","0","2017","A","N",2,0,0,0,0,0,0,"N",0.40,0,0,0,0,0,0,"N",0,0.0,0,0,0,0,0,0,0,0,0,0,0,0
"01097","5","5112","76","0","2017","A","",12,75,4329452,685588,6324,1113,57855,"",0.50,0.17,0.07,0.10,0.07,0.44,0.44,"",5,71.4,70,1400.0,3998912,1209.8,630038,1134.2,3830,153.6,-180,-13.9,-9373,-13.9
"01099","5","5112","76","0","2017","A","N",1,0,0,0,0,0,0,"N",0.94,0,0,0,0,0,0,"N",0,0.0,0,0,0,0,0,0,0,0,0,0,0,0
"01101","5","5112","76","0","2017","A","",8,36,3643303,486318,3443,1946,101203,"",0.52,0.10,0.08,0.11,0.07,0.79,0.79,"",1,14.3,-7,-16.3,-934904,-20.4,50320,11.5,-2871,-45.5,-86,-4.2,-4448,-4.2
"01103","5","5112","76","0","2017","A","",5,4,180692,34607,427,887,46134,"",0.75,0.03,0.01,0.02,0.02,0.37,0.37,"",0,0.0,0,0.0,-46673,-20.5,-5394,-13.5,-485,-53.2,-362,-29.0,-18827,-29.0
"01113","5","5112","76","0","2017","A","N",1,0,0,0,0,0,0,"N",0.46,0,0,0,0,0,0,"N",0,0.0,0,0,0,0,0,0,0,0,0,0,0,0
"01115","5","5112","76","0","2017","A","N",1,0,0,0,0,0,0,"N",0.28,0,0,0,0,0,0,"N",0,0.0,0,0,0,0,0,0,0,0,0,0,0,0
"01117","5","5112","76","0","2017","A","",20,64,6743663,1004369,14387,2034,105783,"",1.44,0.29,0.21,0.26,0.36,0.72,0.72,"",4,25.0,-56,-46.7,-6872499,-50.5,-326276,-24.5,-100,-0.7,-151,-6.9,-7843,-6.9
"01125","5","5112","76","0","2017","A","N",6,0,0,0,0,0,0,"N",0.55,0,0,0,0,0,0,"N",0,0.0,0,0,0,0,0,0,0,0,0,0,0,0
"01999","5","5112","76","0","2017","A","",189,257,30809572,2627527,44653,2304,119804,"",6.10,1.94,1.19,0.88,0.97,0.61,0.61,"",36,23.5,83,47.7,9386784,43.8,603877,29.8,8669,24.1,-65,-2.7,-3374,-2.7
"02020","5","5112","76","0","2017","A","",8,13,1060575,499625,10091,1589,82642,"",0.41,0.03,0.02,0.03,0.04,0.52,0.52,"",3,60.0,-1,-7.1,175925,19.9,-52450,-9.5,-2557,-20.2,381,31.5,19827,31.6
"02090","5","5112","76","0","2017","A","",3,4,179903,104703,2209,965,50205,"",0.55,0.04,0.01,0.03,0.04,0.34,0.34,"N",2,200.0,0,0,0,0,0,0,0,0,0,0,0,0
"02110","5","5112","76","0","2017","A","N",1,0,0,0,0,0,0,"N",0.37,0,0,0,0,0,0,"N",1,100.0,0,0,0,0,0,0,0,0,0,0,0,0
"02130","5","5112","76","0","2017","A","N",0,0,0,0,0,0,0,"N",0.00,0,0,0,0,0,0,"N",-1,-100.0,0,0,0,0,0,0,0,0,0,0,0,0
"02170","5","5112","76","0","2017","A","N",2,0,0,0,0,0,0,"N",0.40,0,0,0,0,0,0,"N",0,0.0,0,0,0,0,0,0,0,0,0,0,0,0
"02999","5","5112","76","0","2017","A","N",1,0,0,0,0,0,0,"N",0.66,0,0,0,0,0,0,"N",0,0.0,0,0,0,0,0,0,0,0,0,0,0,0
"04001","5","5112","76","0","2017","A","N",1,0,0,0,0,0,0,"N",0.71,0,0,0,0,0,0,"N",0,0.0,0,0,0,0,0,0,0,0,0,0,0,0
"04003","5","5112","76","0","2017","A","N",1,0,0,0,0,0,0,"N",0.19,0,0,0,0,0,0,"N",0,0.0,0,0,0,0,0,0,0,0,0,0,0,0
"04005","5","5112","76","0","2017","A","N",2,0,0,0,0,0,0,"N",0.25,0,0,0,0,0,0,"N",-1,-33.3,0,0,0,0,0,0,0,0,0,0,0,0
"04013","5","5112","76","0","2017","A","",212,2165,237852963,19707829,492456,2113,109888,"",0.92,0.43,0.31,0.26,0.38,0.73,0.73,"",23,12.2,-145,-6.3,-2214546,-0.9,-1288576,-6.1,33431,7.3,114,5.7,5948,5.7
"04019","5","5112","76","0","2017","A","",29,1516,145798455,12984228,495831,1850,96184,"",0.65,1.59,1.18,1.06,2.51,0.74,0.74,"",2,7.4,45,3.1,7179668,5.2,902236,7.5,45702,10.2,38,2.1,1955,2.1
"04021","5","5112","76","0","2017","A","N",3,0,0,0,0,0,0,"N",0.39,0,0,0,0,0,0,"N",1,50.0,0,0,0,0,0,0,0,0,0,0,0,0
"04025","5","5112","76","0","2017","A","N",2,0,0,0,0,0,0,"N",0.15,0,0,0,0,0,0,"N",1,100.0,0,0,0,0,0,0,0,0,0,0,0,0
"04027","5","5112","76","0","2017","A","N",1,0,0,0,0,0,0,"N",0.13,0,0,0,0,0,0,"N",0,0.0,0,0,0,0,0,0,0,0,0,0,0,0
"04999","5","5112","76","0","2017","A","",162,196,25675079,2790062,82038,2525,131274,"",4.27,2.58,1.34,1.62,2.56,0.52,0.52,"",59,57.3,72,58.1,8672653,51.0,1119055,67.0,37304,83.4,-114,-4.3,-5935,-4.3
"05005","5","5112","76","0","2017","A","N",1,0,0,0,0,0,0,"N",0.34,0,0,0,0,0,0,"N",0,0.0,0,0,0,0,0,0,0,0,0,0,0,0
"05007","5","5112","76","0","2017","A","",7,58,4498413,788683,32305,1504,78233,"",0.46,0.19,0.09,0.10,0.38,0.48,0.48,"",0,0.0,1,1.8,148016,3.4,-61624,-7.2,-7322,-18.5,28,1.9,1461,1.9
"05027","5","5112","76","0","2017","A","N",1,0,0,0,0,0,0,"N",0.58,0,0,0,0,0,0,"N",0,0.0,0,0,0,0,0,0,0,0,0,0,0,0
"05045","5","5112","76","0","2017","A","N",1,0,0,0,0,0,0,"N",0.15,0,0,0,0,0,0,"N",0,0.0,0,0,0,0,0,0,0,0,0,0,0,0
"05059","5","5112","76","0","2017","A","N",1,0,0,0,0,0,0,"N",0.65,0,0,0,0,0,0,"N",0,0.0,0,0,0,0,0,0,0,0,0,0,0,0
"05119","5","5112","76","0","2017","A","",8,274,21565058,3700020,59867,1514,78705,"",0.23,0.42,0.24,0.30,0.39,0.57,0.57,"",2,33.3,10,3.8,805806,3.9,108585,3.0,11132,22.8,2,0.1,96,0.1
"05143","5","5112","76","0","2017","A","N",1,0,0,0,0,0,0,"N",0.07,0,0,0,0,0,0,"N",-1,-50.0,0,0,0,0,0,0,0,0,0,0,0,0
"05999","5","5112","76","0","2017","A","",15,17,1555920,265318,5141,1786,92891,"",0.67,0.19,0.10,0.10,0.09,0.56,0.56,"",0,0.0,-4,-19.0,-265836,-14.6,-21359,-7.5,-1679,-24.6,124,7.5,6484,7.5
"06001","5","5112","76","0","2017","A","",142,4169,791899263,36654391,1705009,3653,189957,"",0.95,2.06,1.86,1.25,1.71,0.90,0.90,"",29,25.7,273,7.0,119567715,17.8,2587476,7.6,16950,1.0,334,10.1,17391,10.1
"06005","5","5112","76","0","2017","A","N",1,0,0,0,0,0,0,"N",0.37,0,0,0,0,0,0,"N",-1,-50.0,0,0,0,0,0,0,0,0,0,0,0,0
"06013","5","5112","76","0","2017","A","",57,1228,198828999,10313688,457314,3113,161891,"",0.75,1.28,1.08,0.74,0.98,0.85,0.85,"",11,23.9,384,45.5,65076131,48.7,2783744,37.0,124307,37.3,65,2.1,3416,2.2
"06017","5","5112","76","0","2017","A","",13,210,20689215,1961014,104972,1898,98716,"",1.01,1.42,1.02,0.96,1.45,0.72,0.72,"",3,30.0,10,5.0,4383720,26.9,309903,18.8,12539,13.6,328,20.9,17052,20.9
"06019","5","5112","76","0","2017","A","",10,124,6128824,1133063,53057,947,49260,"",0.12,0.12,0.05,0.08,0.10,0.40,0.40,"",2,25.0,49,65.3,2235368,57.4,461961,68.8,28767,118.4,-47,-4.7,-2423,-4.7
"06023","5","5112","76","0","2017","A","N",2,0,0,0,0,0,0,"N",0.16,0,0,0,0,0,0,"N",-1,-33.3,0,0,0,0,0,0,0,0,0,0,0,0
"06029","5","5112","76","0","2017","A","",3,41,4164378,400764,20832,1961,101985,"",0.07,0.05,0.04,0.03,0.05,0.79,0.79,"",-1,-25.0,-57,-58.2,-4230724,-50.4,-466012,-53.8,-26081,-55.6,316,19.2,16466,19.3
"06037","5","5112","76","0","2017","A","",326,8291,1429360786,71349750,3587933,3316,172409,"",0.28,0.72,0.69,0.43,0.66,0.96,0.96,"",47,16.8,-24,-0.3,-197309789,-12.1,-6693476,-8.6,-190287,-5.0,-446,-11.9,-23218,-11.9
"06041","5","5112","76","0","2017","A","",43,1395,235076950,12821694,681763,3241,168524,"",1.46,4.61,4.00,2.99,5.05,0.87,0.87,"",7,19.4,352,33.7,41272607,21.3,4672069,57.3,225918,49.6,-333,-9.3,-17305,-9.3
"06047","5","5112","76","0","2017","A","N",1,0,0,0,0,0,0,"N",0.06,0,0,0,0,0,0,"N",0,0.0,0,0,0,0,0,0,0,0,0,0,0,0
"06053","5","5112","76","0","2017","A","",7,14,1288964,114373,5359,1781,92620,"",0.22,0.03,0.02,0.01,0.02,0.69,0.69,"",2,40.0,-1,-6.7,-90035,-6.5,-8405,-6.8,-685,-11.3,13,0.7,687,0.7
"06055","5","5112","76","0","2017","A","",4,14,1963611,109115,5911,2763,143679,"",0.29,0.07,0.06,0.04,0.06,0.94,0.94,"",-1,-20.0,-18,-56.2,-1031455,-34.4,-169405,-60.8,-10655,-64.3,972,54.3,50568,54.3
"06057","5","5112","76","0","2017","A","",4,8,1530554,61344,1416,3568,185522,"",0.46,0.10,0.15,0.06,0.04,1.46,1.46,"N",1,33.3,0,0,0,0,0,0,0,0,0,0,0,0
"06059","5","5112","76","0","2017","A","",189,7476,1081077684,66190118,3030357,2781,144611,"",0.67,1.79,1.48,1.03,1.40,0.83,0.83,"",32,20.4,970,14.9,147584436,15.8,11432090,20.9,123934,4.3,22,0.8,1122,0.8
"06061","5","5112","76","0","2017","A","",18,477,50610656,2190831,97890,2039,106046,"",0.59,1.13,0.77,0.36,0.47,0.68,0.68,"",5,38.5,-6,-1.2,11407818,29.1,89048,4.2,-2111,-2.1,477,30.5,24797,30.5
"06065","5","5112","76","0","2017","A","",16,173,19097131,1785387,94017,2126,110548,"",0.11,0.09,0.08,0.07,0.11,0.88,0.88,"",5,45.5,109,170.3,13701655,253.9,1258341,238.8,70321,296.8,503,31.0,26134,31.0
"06067","5","5112","76","0","2017","A","",26,342,39627324,2517718,127441,2232,116039,"",0.19,0.20,0.14,0.13,0.19,0.69,0.69,"",-1,-3.7,-2,-0.6,414002,1.1,-104192,-4.0,-5592,-4.2,38,1.7,1964,1.7
"06071","5","5112","76","0","2017","A","",11,298,30516249,2535764,151096,1972,102518,"",0.08,0.16,0.12,0.10,0.18,0.79,0.79,"",-2,-15.4,22,8.0,5101687,20.1,429547,20.4,25721,20.5,202,11.4,10492,11.4
"06073","5","5112","76","0","2017","A","",160,4569,737809355,37075439,1956267,3105,161479,"",0.61,1.21,1.15,0.73,1.15,0.95,0.95,"",25,18.5,595,15.0,123872093,20.2,4376906,13.4,140315,7.7,134,4.5,7000,4.5
"06075","5","5112","76","0","2017","A","",317,5618,1203477743,73589320,3147552,4120,214225,"",2.21,2.99,2.06,2.45,3.12,0.69,0.69,"",70,28.3,1540,37.8,610852226,103.1,32473953,79.0,1340651,74.2,1325,47.4,68888,47.4
"06077","5","5112","76","0","2017","A","",5,18,2299632,251036,14330,2423,126007,"",0.12,0.03,0.03,0.03,0.04,0.97,0.97,"N",1,25.0,0,0,0,0,0,0,0,0,0,0,0,0
"06079","5","5112","76","0","2017","A","",14,352,23175133,2725707,109809,1267,65901,"",0.57,1.14,0.58,0.68,0.86,0.50,0.51,"",3,27.3,3,0.9,1590017,7.4,-1294558,-32.2,-72986,-39.9,76,6.4,3964,6.4
"06081","5","5112","76","0","2017","A","",175,11722,2319568867,93849464,4535522,3805,197877,"",2.63,11.17,6.68,5.45,8.20,0.60,0.60,"",28,19.0,-42,-0.4,362069034,18.5,5849310,6.6,60989,1.4,605,18.9,31476,18.9
"06083","5","5112","76","0","2017","A","",16,2036,297655357,17478011,816313,2811,146184,"",0.44,3.93,3.84,2.49,3.57,0.98,0.98,"",2,14.3,128,6.7,71316305,31.5,-1811952,-9.4,-796,-0.1,530,23.2,27547,23.2
"06085","5","5112","76","0","2017","A","",421,21085,7171816937,200237510,9737298,6541,340138,"",2.46,7.51,7.08,4.69,6.79,0.94,0.94,"",82,24.2,2597,14.0,1552658118,27.6,22712679,12.8,503801,5.5,696,11.9,36204,11.9
"06087","5","5112","76","0","2017","A","",16,83,9274591,723056,35694,2153,111967,"",0.71,0.30,0.24,0.19,0.27,0.80,0.80,"",1,6.7,-29,-25.9,-4141737,-30.9,-201862,-21.8,-8999,-20.1,-152,-6.6,-7911,-6.6
"06089","5","5112","76","0","2017","A","N",2,0,0,0,0,0,0,"N",0.12,0,0,0,0,0,0,"N",0,0.0,0,0,0,0,0,0,0,0,0,0,0,0
"06095","5","5112","76","0","2017","A","N",3,0,0,0,0,0,0,"N",0.11,0,0,0,0,0,0,"N",-1,-25.0,0,0,0,0,0,0,0,0,0,0,0,0
"06097","5","5112","76","0","2017","A","",20,85,8829488,634459,35216,1998,103876,"",0.42,0.16,0.11,0.08,0.14,0.70,0.70,"",-1,-4.8,-28,-24.8,-2353989,-21.0,-289297,-31.3,-12392,-26.0,91,4.8,4688,4.7
"06099","5","5112","76","0","2017","A","",4,46,3145940,419901,14445,1308,68020,"",0.11,0.09,0.05,0.06,0.06,0.52,0.52,"",0,0.0,15,48.4,1063038,51.0,269729,179.6,8807,156.2,12,0.9,649,1.0
"06107","5","5112","76","0","2017","A","N",2,0,0,0,0,0,0,"N",0.08,0,0,0,0,0,0,"N",0,0.0,0,0,0,0,0,0,0,0,0,0,0,0
"06109","5","5112","76","0","2017","A","N",1,0,0,0,0,0,0,"N",0.26,0,0,0,0,0,0,"N",1,100.0,0,0,0,0,0,0,0,0,0,0,0,0
"06111","5","5112","76","0","2017","A","",26,312,28047369,2693018,111186,1731,90016,"",0.41,0.37,0.21,0.22,0.28,0.58,0.58,"",8,44.4,16,5.4,1722037,6.5,113270,4.4,-866,-0.8,21,1.2,1079,1.2
"06113","5","5112","76","0","2017","A","",5,25,2917384,271209,12258,2274,118272,"",0.31,0.09,0.07,0.09,0.11,0.71,0.71,"",1,25.0,5,25.0,780243,36.5,117661,76.6,5889,92.5,228,11.1,11858,11.1
"06115","5","5112","76","0","2017","A","N",1,0,0,0,0,0,0,"N",0.25,0,0,0,0,0,0,"N",0,0.0,0,0,0,0,0,0,0,0,0,0,0,0
"06999","5","5112","76","0","2017","A","",363,2330,388497044,19243760,944346,3206,166737,"",2.73,2.30,1.55,0.89,1.23,0.68,0.68,"",143,65.0,376,19.2,47041507,13.8,2002775,11.6,66930,7.6,-155,-4.6,-8040,-4.6
"08001","5","5112","76","0","2017","A","",22,191,39916499,2777851,52968,4010,208532,"",0.84,0.36,0.49,0.23,0.26,1.38,1.38,"",3,15.8,25,15.1,3578483,9.8,384448,16.1,-29,-0.1,-202,-4.8,-10482,-4.8
"08005","5","5112","76","0","2017","A","",80,2838,299408699,47694389,898952,2029,105491,"",1.52,3.30,1.90,2.21,2.67,0.58,0.58,"",-1,-1.2,423,17.5,49749394,19.9,14265644,42.7,203317,29.2,41,2.1,2123,2.1
"08007","5","5112","76","0","2017","A","N",1,0,0,0,0,0,0,"N",0.72,0,0,0,0,0,0,"N",0,0.0,0,0,0,0,0,0,0,0,0,0,0,0
"08013","5","5112","76","0","2017","A","",109,3469,556924599,52634733,1063849,3087,160547,"",2.99,7.36,6.40,5.06,6.93,0.87,0.87,"",14,14.7,-7,-0.2,39833737,7.7,4177600,8.6,131394,14.1,226,7.9,11780,7.9
"08014","5","5112","76","0","2017","A","",17,865,104499523,13824744,233329,2323,120820,"",2.53,8.72,3.89,4.73,5.57,0.45,0.45,"",3,21.4,185,27.2,23579294,29.1,3479228,33.6,18900,8.8,34,1.5,1790,1.5
"08015","5","5112","76","0","2017","A","N",2,0,0,0,0,0,0,"N",0.85,0,0,0,0,0,0,"N",0,0.0,0,0,0,0,0,0,0,0,0,0,0,0
"08029","5","5112","76","0","2017","A","N",0,0,0,0,0,0,0,"N",0.00,0,0,0,0,0,0,"N",0,0,0,0,0,0,0,0,0,0,0,0,0,0
"08031","5","5112","76","0","2017","A","",133,2673,449413642,48939487,997227,3233,168110,"",1.73,2.02,1.76,1.50,1.97,0.87,0.87,"",27,25.5,81,3.1,16288902,3.8,4057681,9.0,48063,5.1,20,0.6,1015,0.6
"08035","5","5112","76","0","2017","A","",47,276,34582911,4149203,93389,2410,125338,"",1.64,0.87,0.61,0.50,0.79,0.70,0.70,"",3,6.8,99,55.9,9898831,40.1,1641267,65.4,44716,91.9,-274,-10.2,-14252,-10.2
"08037","5","5112","76","0","2017","A","",3,3,388211,41668,741,2489,129404,"",0.36,0.04,0.04,0.02,0.02,1.01,1.01,"N",1,50.0,0,0,0,0,0,0,0,0,0,0,0,0
"08039","5","5112","76","0","2017","A","N",1,0,0,0,0,0,0,"N",0.63,0,0,0,0,0,0,"N",1,100.0,0,0,0,0,0,0,0,0,0,0,0,0
"08041","5","5112","76","0","2017","A","",55,1584,164976444,23583439,458921,2003,104146,"",1.17,2.23,1.67,1.53,1.86,0.75,0.75,"",-1,-1.8,42,2.7,7675235,4.9,2885896,13.9,2758,0.6,41,2.1,2107,2.1
"08045","5","5112","76","0","2017","A","",3,5,164050,67250,1002,601,31248,"",0.48,0.07,0.02,0.04,0.04,0.23,0.23,"N",1,50.0,0,0,0,0,0,0,0,0,0,0,0,0
"08051","5","5112","76","0","2017","A","N",2,0,0,0,0,0,0,"N",0.70,0,0,0,0,0,0,"N",0,0.0,0,0,0,0,0,0,0,0,0,0,0,0
"08059","5","5112","76","0","2017","A","",60,1017,84214547,16484386,485949,1593,82834,"",1.24,1.67,0.86,1.16,2.34,0.52,0.52,"",9,17.6,55,5.7,9949339,13.4,1822563,12.4,143299,41.8,109,7.3,5655,7.3
"08067","5","5112","76","0","2017","A","N",7,0,0,0,0,0,0,"N",1.11,0,0,0,0,0,0,"N",0,0.0,0,0,0,0,0,0,0,0,0,0,0,0
"08069","5","5112","76","0","2017","A","",38,520,36403787,7390276,153874,1348,70075,"",1.32,1.26,0.62,0.83,1.16,0.49,0.49,"",3,8.6,105,25.3,6333623,21.1,1520683,25.9,-3206,-2.0,-45,-3.2,-2354,-3.3
"08077","5","5112","76","0","2017","A","N",3,0,0,0,0,0,0,"N",0.26,0,0,0,0,0,0,"N",-1,-25.0,0,0,0,0,0,0,0,0,0,0,0,0
"08085","5","5112","76","0","2017","A","N",2,0,0,0,0,0,0,"N",0.60,0,0,0,0,0,0,"N",0,0.0,0,0,0,0,0,0,0,0,0,0,0,0
"08087","5","5112","76","0","2017","A","N",1,0,0,0,0,0,0,"N",0.53,0,0,0,0,0,0,"N",0,0.0,0,0,0,0,0,0,0,0,0,0,0,0
"08091","5","5112","76","0","2017","A","N",1,0,0,0,0,0,0,"N",1.27,0,0,0,0,0,0,"N",1,100.0,0,0,0,0,0,0,0,0,0,0,0,0
"08093","5","5112","76","0","2017","A","N",3,0,0,0,0,0,0,"N",2.29,0,0,0,0,0,0,"N",1,50.0,0,0,0,0,0,0,0,0,0,0,0,0
"08097","5","5112","76","0","2017","A","",4,32,4442490,531997,10971,2677,139190,"",0.93,0.75,0.71,0.38,0.57,0.96,0.96,"N",0,0.0,0,0,0,0,0,0,0,0,0,0,0,0
"08101","5","5112","76","0","2017","A","N",2,0,0,0,0,0,0,"N",0.25,0,0,0,0,0,0,"N",1,100.0,0,0,0,0,0,0,0,0,0,0,0,0
"08107","5","5112","76","0","2017","A","N",4,0,0,0,0,0,0,"N",0.93,0,0,0,0,0,0,"N",1,33.3,0,0,0,0,0,0,0,0,0,0,0,0
"08117","5","5112","76","0","2017","A","N",3,0,0,0,0,0,0,"N",0.55,0,0,0,0,0,0,"N",0,0.0,0,0,0,0,0,0,0,0,0,0,0,0
"08119","5","5112","76","0","2017","A","N",3,0,0,0,0,0,0,"N",1.42,0,0,0,0,0,0,"N",-1,-25.0,0,0,0,0,0,0,0,0,0,0,0,0
"08123","5","5112","76","0","2017","A","",9,50,4587019,836582,29475,1761,91588,"",0.52,0.18,0.12,0.12,0.26,0.66,0.66,"",-1,-10.0,20,66.7,1652964,56.3,371386,79.8,19106,184.3,-141,-7.4,-7313,-7.4
"08999","5","5112","76","0","2017","A","",7,13,1631663,305238,9756,2477,128816,"",1.25,0.26,0.13,0.17,0.23,0.52,0.52,"",2,40.0,4,44.4,637266,64.1,144116,89.4,2835,41.0,332,15.5,17295,15.5
"09001","5","5112","76","0","2017","A","",210,2013,313608270,37152577,1206913,2997,155824,"",2.49,1.83,1.18,1.29,1.56,0.64,0.64,"",56,36.4,77,4.0,13505644,4.5,1405856,3.9,33698,2.9,17,0.6,846,0.5
"09003","5","5112","76","0","2017","A","",102,1450,145841084,25599337,948206,1934,100563,"",1.53,1.09,0.58,0.79,1.08,0.53,0.53,"",31,43.7,-29,-2.0,-22991927,-13.6,-800112,-3.0,-3246,-0.3,-261,-11.9,-13558,-11.9
"09005","5","5112","76","0","2017","A","",10,67,6471642,1145974,52515,1846,95995,"",0.70,0.42,0.31,0.31,0.52,0.73,0.73,"N",4,66.7,0,0,0,0,0,0,0,0,0,0,0,0
"09007","5","5112","76","0","2017","A","",17,33,3890413,921514,26775,2296,119399,"",1.35,0.18,0.14,0.22,0.23,0.77,0.77,"",4,30.8,4,13.8,1520714,64.2,143087,18.4,479,1.8,734,47.0,38152,47.0
"09009","5","5112","76","0","2017","A","",78,433,43697980,8112955,266073,1939,100841,"",1.35,0.45,0.29,0.40,0.46,0.63,0.63,"",30,62.5,79,22.3,10572868,31.9,1401551,20.9,35607,15.5,139,7.7,7245,7.7
"09011","5","5112","76","0","2017","A","",23,344,31240149,5798026,176713,1747,90858,"",1.29,1.06,0.62,0.82,0.95,0.59,0.59,"",6,35.3,236,218.5,22293078,249.2,3747162,182.7,96492,120.3,151,9.5,7887,9.5
"09013","5","5112","76","0","2017","A","",17,183,23148419,3091306,105425,2437,126725,"",2.22,1.72,1.56,1.57,2.01,0.91,0.91,"",6,54.5,11,6.4,2018544,9.6,151813,5.2,13729,15.0,72,3.0,3758,3.1
"09015","5","5112","76","0","2017","A","",6,12,902559,242031,6333,1488,77362,"",0.88,0.12,0.07,0.11,0.10,0.62,0.62,"N",2,50.0,0,0,0,0,0,0,0,0,0,0,0,0
"09999","5","5112","76","0","2017","A","",64,123,24489874,3285953,120657,3837,199510,"",4.08,1.03,0.74,0.77,1.01,0.72,0.72,"N",15,30.6,0,0,0,0,0,0,0,0,0,0,0,0
"10003","5","5112","76","0","2017","A","",32,154,15618635,3845543,100986,1957,101750,"",0.68,0.20,0.12,0.18,0.42,0.57,0.57,"",4,14.3,13,9.2,1734429,12.5,756497,24.5,57515,132.3,60,3.2,3106,3.1
"10005","5","5112","76","0","2017","A","N",7,0,0,0,0,0,0,"N",0.43,0,0,0,0,0,0,"N",3,75.0,0,0,0,0,0,0,0,0,0,0,0,0
"10999","5","5112","76","0","2017","A","N",7,0,0,0,0,0,0,"N",2.13,0,0,0,0,0,0,"N",-2,-22.2,0,0,0,0,0,0,0,0,0,0,0,0
"11001","5","5112","76","0","2017","A","",129,1043,203891728,13406573,289938,3761,195564,"",1.35,0.52,0.39,0.50,0.56,0.74,0.74,"",16,14.2,367,54.3,87530793,75.2,3653981,37.5,27824,10.6,450,13.6,23390,13.6
"12001","5","5112","76","0","2017","A","",22,348,31480392,2929763,30050,1740,90461,"",1.30,1.03,0.71,0.84,1.23,0.70,0.70,"",2,10.0,-35,-9.1,-5739063,-15.4,-264758,-8.3,-20211,-40.2,-130,-7.0,-6760,-7.0
"12005","5","5112","76","0","2017","A","N",3,0,0,0,0,0,0,"N",0.23,0,0,0,0,0,0,"N",1,50.0,0,0,0,0,0,0,0,0,0,0,0,0
"12007","5","5112","76","0","2017","A","N",1,0,0,0,0,0,0,"N",0.78,0,0,0,0,0,0,"N",1,100.0,0,0,0,0,0,0,0,0,0,0,0,0
"12009","5","5112","76","0","2017","A","",40,164,16124247,1316099,26849,1895,98519,"",1.07,0.30,0.22,0.17,0.42,0.71,0.71,"",5,14.3,9,5.8,2022796,14.3,-1028086,-43.9,-27545,-50.6,149,8.5,7737,8.5
"12011","5","5112","76","0","2017","A","",131,3299,562683910,28928548,358748,3280,170566,"",0.80,1.58,1.84,0.93,1.23,1.17,1.17,"",15,12.9,236,7.7,59489519,11.8,1510677,5.5,49077,15.8,121,3.8,6280,3.8
"12015","5","5112","76","0","2017","A","N",7,0,0,0,0,0,0,"N",0.64,0,0,0,0,0,0,"N",0,0.0,0,0,0,0,0,0,0,0,0,0,0,0
"12017","5","5112","76","0","2017","A","N",3,0,0,0,0,0,0,"N",0.41,0,0,0,0,0,0,"N",1,50.0,0,0,0,0,0,0,0,0,0,0,0,0
"12019","5","5112","76","0","2017","A","N",3,0,0,0,0,0,0,"N",0.29,0,0,0,0,0,0,"N",1,50.0,0,0,0,0,0,0,0,0,0,0,0,0
"12021","5","5112","76","0","2017","A","",39,235,23513166,2140864,49675,1925,100092,"",1.18,0.63,0.48,0.37,1.06,0.76,0.76,"",7,21.9,13,5.9,1440757,6.5,152976,7.7,-32441,-39.5,9,0.5,442,0.4
"12031","5","5112","76","0","2017","A","",42,684,57705376,6550048,95641,1622,84334,"",0.60,0.52,0.30,0.34,0.53,0.57,0.57,"",6,16.7,27,4.1,7559685,15.1,78161,1.2,14032,17.2,153,10.4,7951,10.4
"12033","5","5112","76","0","2017","A","",6,23,1429042,190229,3473,1217,63279,"",0.31,0.07,0.03,0.04,0.09,0.52,0.52,"N",2,50.0,0,0,0,0,0,0,0,0,0,0,0,0
"12035","5","5112","76","0","2017","A","",3,7,651639,56525,421,1880,97746,"",0.51,0.11,0.11,0.07,0.06,1.01,1.01,"",0,0.0,0,0.0,-88895,-12.0,-10321,-15.4,-374,-47.0,-40,-2.1,-2101,-2.1
"12037","5","5112","76","0","2017","A","N",1,0,0,0,0,0,0,"N",1.13,0,0,0,0,0,0,"N",0,0.0,0,0,0,0,0,0,0,0,0,0,0,0
"12045","5","5112","76","0","2017","A","N",1,0,0,0,0,0,0,"N",1.07,0,0,0,0,0,0,"N",0,0.0,0,0,0,0,0,0,0,0,0,0,0,0
"12053","5","5112","76","0","2017","A","",7,25,2144382,226234,5234,1655,86062,"",0.81,0.22,0.19,0.14,0.47,0.85,0.85,"",0,0.0,20,400.0,1753373,448.4,160687,245.1,4167,390.5,14,0.9,751,0.9
"12057","5","5112","76","0","2017","A","",104,2169,224367040,19579992,253302,1989,103427,"",1.04,1.23,0.85,0.75,1.14,0.69,0.69,"",22,26.8,547,33.7,49549909,28.3,5518049,39.2,-66370,-20.8,-84,-4.1,-4352,-4.0
"12061","5","5112","76","0","2017","A","N",5,0,0,0,0,0,0,"N",0.42,0,0,0,0,0,0,"N",0,0.0,0,0,0,0,0,0,0,0,0,0,0,0
"12063","5","5112","76","0","2017","A","N",1,0,0,0,0,0,0,"N",0.46,0,0,0,0,0,0,"N",0,0.0,0,0,0,0,0,0,0,0,0,0,0,0
"12069","5","5112","76","0","2017","A","",10,26,2380757,212477,2318,1790,93059,"",0.52,0.10,0.09,0.06,0.09,0.89,0.89,"",4,66.7,2,8.3,-38418,-1.6,58,0.0,-386,-14.3,-122,-6.4,-6359,-6.4
"12071","5","5112","76","0","2017","A","",25,73,8538208,604696,5655,2260,117498,"",0.48,0.11,0.10,0.06,0.08,0.95,0.95,"",5,25.0,19,35.2,3806779,80.5,168930,38.8,1096,24.0,575,34.1,29879,34.1
"12073","5","5112","76","0","2017","A","",16,149,14379932,1215774,8950,1852,96294,"",0.77,0.38,0.29,0.31,0.30,0.76,0.76,"",2,14.3,56,60.2,4835748,50.7,464800,61.9,5681,173.8,-116,-5.9,-6056,-5.9
"12081","5","5112","76","0","2017","A","",40,33,3821735,684379,3105,2227,115810,"",1.56,0.10,0.10,0.14,0.08,0.98,0.98,"",8,25.0,-2,-5.7,59736,1.6,3468,0.5,-65,-2.1,130,6.2,6767,6.2
"12083","5","5112","76","0","2017","A","",4,16,1131967,132120,314,1404,73030,"",0.20,0.06,0.04,0.04,0.01,0.69,0.69,"",-1,-20.0,-1,-5.9,-68922,-5.7,-14260,-9.7,167,113.6,18,1.3,977,1.4
"12085","5","5112","76","0","2017","A","N",3,0,0,0,0,0,0,"N",0.20,0,0,0,0,0,0,"N",1,50.0,0,0,0,0,0,0,0,0,0,0,0,0
"12086","5","5112","76","0","2017","A","",115,661,64194946,5980544,82665,1867,97069,"",0.50,0.22,0.14,0.14,0.22,0.64,0.64,"",25,27.8,21,3.3,7294142,12.8,605236,11.3,-16271,-16.4,156,9.1,8115,9.1
"12087","5","5112","76","0","2017","A","N",3,0,0,0,0,0,0,"N",0.28,0,0,0,0,0,0,"N",-1,-25.0,0,0,0,0,0,0,0,0,0,0,0,0
"12089","5","5112","76","0","2017","A","",5,4,505047,38317,487,2428,126262,"",0.98,0.07,0.08,0.05,0.08,1.12,1.12,"N",2,66.7,0,0,0,0,0,0,0,0,0,0,0,0
"12091","5","5112","76","0","2017","A","N",5,0,0,0,0,0,0,"N",0.33,0,0,0,0,0,0,"N",1,25.0,0,0,0,0,0,0,0,0,0,0,0,0
"12095","5","5112","76","0","2017","A","",120,2092,237795685,19484352,262316,2186,113655,"",1.20,0.97,0.81,0.62,1.07,0.83,0.83,"",12,11.1,132,6.7,36460485,18.1,2567697,15.2,-147248,-36.0,210,10.6,10920,10.6
"12097","5","5112","76","0","2017","A","",9,19,1682069,209432,5435,1733,90111,"",0.55,0.08,0.07,0.06,0.21,0.86,0.86,"",2,28.6,0,0.0,243994,17.0,83293,66.0,2213,68.7,296,20.6,15406,20.6
"12099","5","5112","76","0","2017","A","",87,633,58961514,5948838,87141,1791,93146,"",0.65,0.40,0.25,0.24,0.42,0.61,0.61,"",10,13.0,36,6.0,10584402,21.9,-211301,-3.4,-25545,-22.7,233,15.0,12124,15.0
"12101","5","5112","76","0","2017","A","",11,15,1613362,167243,3334,2023,105219,"",0.43,0.05,0.05,0.04,0.11,0.97,0.97,"N",1,10.0,0,0,0,0,0,0,0,0,0,0,0,0
"12103","5","5112","76","0","2017","A","",83,609,45723137,5849660,99086,1445,75141,"",1.06,0.55,0.30,0.37,0.78,0.55,0.55,"",16,23.9,103,20.4,9683647,26.9,1322091,29.2,-8771,-8.1,76,5.6,3928,5.5
"12105","5","5112","76","0","2017","A","",10,105,7456661,957490,13527,1368,71129,"",0.32,0.19,0.11,0.12,0.23,0.60,0.60,"",2,25.0,32,43.8,1508573,25.4,272597,39.8,1520,12.7,-203,-12.9,-10538,-12.9
"12109","5","5112","76","0","2017","A","",12,20,1715523,207477,3516,1677,87230,"",0.70,0.10,0.07,0.08,0.18,0.71,0.71,"",-1,-7.7,-1,-4.8,105916,6.6,23807,13.0,439,14.3,173,11.5,9030,11.5
"12111","5","5112","76","0","2017","A","",6,20,1638033,153058,6956,1615,84002,"",0.39,0.10,0.07,0.06,0.29,0.74,0.74,"N",-1,-14.3,0,0,0,0,0,0,0,0,0,0,0,0
"12113","5","5112","76","0","2017","A","N",1,0,0,0,0,0,0,"N",0.12,0,0,0,0,0,0,"N",1,100.0,0,0,0,0,0,0,0,0,0,0,0,0
"12115","5","5112","76","0","2017","A","",19,185,19725096,1740453,20526,2048,106478,"",0.50,0.42,0.35,0.26,0.44,0.83,0.83,"",1,5.6,-20,-9.8,-294153,-1.5,-262092,-13.1,-12995,-38.8,172,9.2,8902,9.1
"12117","5","5112","76","0","2017","A","",42,834,76290237,8397358,173198,1758,91439,"",1.19,1.69,1.16,1.14,2.77,0.69,0.69,"",3,7.7,64,8.3,9213758,13.7,2547361,43.5,62164,56.0,82,4.9,4289,4.9
"12119","5","5112","76","0","2017","A","N",1,0,0,0,0,0,0,"N",0.23,0,0,0,0,0,0,"N",-1,-50.0,0,0,0,0,0,0,0,0,0,0,0,0
"12127","5","5112","76","0","2017","A","",8,32,2182112,238449,3460,1311,68191,"",0.24,0.07,0.04,0.04,0.07,0.61,0.61,"",0,0.0,0,0.0,132251,6.5,4906,2.1,-2862,-45.3,79,6.4,4133,6.5
"12131","5","5112","76","0","2017","A","N",4,0,0,0,0,0,0,"N",0.65,0,0,0,0,0,0,"N",3,300.0,0,0,0,0,0,0,0,0,0,0,0,0
"12999","5","5112","76","0","2017","A","",642,1746,262809972,18357975,375320,2895,150521,"",6.27,2.43,1.66,1.27,2.60,0.69,0.69,"",82,14.6,159,10.0,34677199,15.2,550166,3.1,3912,1.1,130,4.7,6740,4.7
"13001","5","5112","76","0","2017","A","N",0,0,0,0,0,0,0,"N",0.00,0,0,0,0,0,0,"N",0,0,0,0,0,0,0,0,0,0,0,0,0,0
"13013","5","5112","76","0","2017","A","N",1,0,0,0,0,0,0,"N",0.36,0,0,0,0,0,0,"N",0,0.0,0,0,0,0,0,0,0,0,0,0,0,0
"13021","5","5112","76","0","2017","A","",6,39,2983557,510554,9850,1490,77495,"",0.60,0.18,0.11,0.14,0.26,0.64,0.64,"",-2,-25.0,-2,-4.9,-104337,-3.4,-126197,-19.8,-3352,-25.4,24,1.6,1251,1.6
"13029","5","5112","76","0","2017","A","N",1,0,0,0,0,0,0,"N",0.62,0,0,0,0,0,0,"N",0,0.0,0,0,0,0,0,0,0,0,0,0,0,0
"13031","5","5112","76","0","2017","A","N",1,0,0,0,0,0,0,"N",0.28,0,0,0,0,0,0,"N",0,0.0,0,0,0,0,0,0,0,0,0,0,0,0
"13045","5","5112","76","0","2017","A","N",2,0,0,0,0,0,0,"N",0.40,0,0,0,0,0,0,"N",0,0.0,0,0,0,0,0,0,0,0,0,0,0,0
"13047","5","5112","76","0","2017","A","N",1,0,0,0,0,0,0,"N",0.44,0,0,0,0,0,0,"N",0,0.0,0,0,0,0,0,0,0,0,0,0,0,0
"13051","5","5112","76","0","2017","A","N",3,0,0,0,0,0,0,"N",0.16,0,0,0,0,0,0,"N",1,50.0,0,0,0,0,0,0,0,0,0,0,0,0
"13057","5","5112","76","0","2017","A","",9,42,2899566,643815,16245,1338,69590,"",0.68,0.27,0.16,0.23,0.56,0.60,0.60,"",-2,-18.2,2,5.0,-422412,-12.7,19965,3.2,3174,24.3,-243,-15.4,-12603,-15.3
"13059","5","5112","76","0","2017","A","",6,27,818323,273979,7198,583,30308,"",0.81,0.14,0.03,0.11,0.28,0.24,0.24,"",-2,-25.0,0,0.0,13951,1.7,-28698,-9.5,-254,-3.4,17,3.0,880,3.0
"13063","5","5112","76","0","2017","A","N",3,0,0,0,0,0,0,"N",0.32,0,0,0,0,0,0,"N",0,0.0,0,0,0,0,0,0,0,0,0,0,0,0
"13067","5","5112","76","0","2017","A","",72,970,79718042,12130438,239723,1580,82155,"",1.38,1.04,0.52,0.65,1.00,0.50,0.50,"",-2,-2.7,75,8.4,8485905,11.9,1276133,11.8,-10907,-4.4,49,3.2,2522,3.2
"13073","5","5112","76","0","2017","A","N",5,0,0,0,0,0,0,"N",0.85,0,0,0,0,0,0,"N",1,25.0,0,0,0,0,0,0,0,0,0,0,0,0
"13077","5","5112","76","0","2017","A","N",6,0,0,0,0,0,0,"N",0.98,0,0,0,0,0,0,"N",2,50.0,0,0,0,0,0,0,0,0,0,0,0,0
"13089","5","5112","76","0","2017","A","",64,1506,167431137,19743056,285142,2138,111164,"",1.51,1.93,1.36,1.45,1.74,0.70,0.70,"",-8,-11.1,89,6.3,-2246264,-1.3,1973552,11.1,-9749,-3.3,-165,-7.2,-8566,-7.2
"13097","5","5112","76","0","2017","A","N",3,0,0,0,0,0,0,"N",0.48,0,0,0,0,0,0,"N",-1,-25.0,0,0,0,0,0,0,0,0,0,0,0,0
"13099","5","5112","76","0","2017","A","N",1,0,0,0,0,0,0,"N",1.57,0,0,0,0,0,0,"N",0,0.0,0,0,0,0,0,0,0,0,0,0,0,0
"13113","5","5112","76","0","2017","A","",10,20,1332174,253889,5219,1276,66332,"",1.18,0.17,0.10,0.13,0.22,0.54,0.54,"",2,25.0,7,53.8,286706,27.4,54940,27.6,1172,29.0,-223,-14.9,-11591,-14.9
"13115","5","5112","76","0","2017","A","N",4,0,0,0,0,0,0,"N",0.85,0,0,0,0,0,0,"N",0,0.0,0,0,0,0,0,0,0,0,0,0,0,0
"13117","5","5112","76","0","2017","A","",30,220,32929356,3790998,55740,2884,149963,"",2.15,1.15,1.23,1.04,1.45,1.07,1.07,"",-1,-3.2,15,7.3,-4581784,-12.2,584239,18.2,14942,36.6,-636,-18.1,-33093,-18.1
"13119","5","5112","76","0","2017","A","N",1,0,0,0,0,0,0,"N",0.91,0,0,0,0,0,0,"N",0,0.0,0,0,0,0,0,0,0,0,0,0,0,0
"13121","5","5112","76","0","2017","A","",280,8686,1183009280,117683150,1689649,2619,136196,"",2.73,3.89,2.49,2.61,2.88,0.64,0.64,"",5,1.8,601,7.4,140801155,13.5,14788902,14.4,63452,3.9,140,5.6,7284,5.7
"13127","5","5112","76","0","2017","A","N",2,0,0,0,0,0,0,"N",0.32,0,0,0,0,0,0,"N",0,0.0,0,0,0,0,0,0,0,0,0,0,0,0
"13129","5","5112","76","0","2017","A","N",1,0,0,0,0,0,0,"N",0.41,0,0,0,0,0,0,"N",0,0.0,0,0,0,0,0,0,0,0,0,0,0,0
"13133","5","5112","76","0","2017","A","N",1,0,0,0,0,0,0,"N",0.91,0,0,0,0,0,0,"N",-1,-50.0,0,0,0,0,0,0,0,0,0,0,0,0
"13135","5","5112","76","0","2017","A","",80,1648,157298074,20263036,333815,1835,95429,"",1.36,1.79,1.14,1.11,1.53,0.64,0.64,"",-15,-15.8,-79,-4.6,-13062138,-7.7,-3122407,-13.4,-159589,-32.3,-63,-3.3,-3245,-3.3
"13137","5","5112","76","0","2017","A","N",1,0,0,0,0,0,0,"N",0.49,0,0,0,0,0,0,"N",0,0.0,0,0,0,0,0,0,0,0,0,0,0,0
"13139","5","5112","76","0","2017","A","",8,22,2672126,368271,8708,2381,123805,"",0.76,0.10,0.09,0.09,0.21,0.94,0.94,"",-1,-11.1,3,15.8,591279,28.4,34148,10.2,337,4.0,302,14.5,15709,14.5
"13143","5","5112","76","0","2017","A","N",1,0,0,0,0,0,0,"N",0.89,0,0,0,0,0,0,"N",0,0.0,0,0,0,0,0,0,0,0,0,0,0,0
"13145","5","5112","76","0","2017","A","N",1,0,0,0,0,0,0,"N",0.94,0,0,0,0,0,0,"N",0,0.0,0,0,0,0,0,0,0,0,0,0,0,0
"13151","5","5112","76","0","2017","A","",5,27,4093680,405439,9300,2889,150227,"",0.55,0.18,0.25,0.15,0.30,1.41,1.41,"",-1,-16.7,-5,-15.6,324964,8.6,-62268,-13.3,1046,12.7,594,25.9,30901,25.9
"49005","5","5112","76","0","2017","A","",8,107,6900708,3618241,12504,1241,64543,"",0.92,0.75,0.47,0.74,0.66,0.63,0.63,"",-2,-20.0,2,1.9,344878,5.3,335335,10.2,-9665,-43.6,43,3.6,2255,3.6
"49005","0","10","70","0","2017","A","",3625,54388,1962601130,966977452,4824866,694,36086,"",1.00,1.00,1.00,1.00,1.00,1.00,1.00,"",102,2.9,1458,2.8,106292759,5.7,61611983,6.8,-532697,-9.9,20,3.0,1015,2.9
